id,random_int,random_float,random_date,category,boolean
1,103,15.232958946453545,2020-01-01,B,True
2,436,26.616801251553746,2020-01-02,C,False
3,861,2.2026921223816998,2020-01-03,D,False
4,271,58.32574924561156,2020-01-04,D,True
5,107,84.22307463439479,2020-01-05,A,True
6,72,54.898044944164184,2020-01-06,B,True
7,701,21.927396192387572,2020-01-07,D,True
8,21,3.366917821387272,2020-01-08,C,False
9,615,21.462807325880284,2020-01-09,D,True
10,122,41.61214280710923,2020-01-10,E,True
11,467,75.96114286997965,2020-01-11,C,False
12,215,18.784285253777412,2020-01-12,C,True
13,331,71.97914533546862,2020-01-13,D,True
14,459,86.69334683518836,2020-01-14,A,False
15,88,45.394684810835706,2020-01-15,C,False
16,373,82.14319916425933,2020-01-16,E,False
17,100,55.46573480350956,2020-01-17,A,False
18,872,63.709083708090496,2020-01-18,A,True
19,664,52.62784603382027,2020-01-19,A,False
20,131,,2020-01-20,C,True
21,662,23.465344177584935,2020-01-21,A,False
22,309,30.319405946104606,2020-01-22,D,True
23,770,28.997011894360902,2020-01-23,A,False
24,344,56.328893095381474,2020-01-24,N,False
25,492,11.995369302388992,2020-01-25,B,True
26,414,91.67916907023351,2020-01-26,E,False
27,806,72.06551452831133,2020-01-27,C,False
28,386,40.14456309131936,2020-01-28,A,False
29,192,15.862414452637797,2020-01-29,A,True
30,956,88.19921697216358,2020-01-30,D,False
31,277,82.37780901011652,2020-01-31,A,False
32,161,72.17215527171793,2020-02-01,E,True
33,460,27.154704741124235,2020-02-02,C,True
34,314,40.24466374336689,2020-02-03,B,False
35,22,,2020-02-04,A,True
36,253,18.903952472753172,2020-02-05,B,True
37,748,78.30166373167329,2020-02-06,A,True
38,857,71.50387188506838,2020-02-07,C,False
39,561,,2020-02-08,E,False
40,475,89.57267259261728,2020-02-09,C,True
41,59,58.32665178130454,2020-02-10,B,False
42,511,46.69679999636107,2020-02-11,A,True
43,682,34.03707463057627,2020-02-12,B,False
44,476,94.04485057361725,2020-02-13,E,True
45,700,8.271546152435349,2020-02-14,C,False
46,976,93.08873720608084,2020-02-15,B,True
47,783,82.67146599310183,2020-02-16,B,False
48,190,12.992992453570128,2020-02-17,N,False
49,958,,2020-02-18,A,True
50,687,86.65479817490869,2020-02-19,B,False
51,958,57.18091636071537,2020-02-20,E,False
52,563,90.71998215606223,2020-02-21,A,False
53,876,94.29838168160425,2020-02-22,A,False
54,567,42.23845221843059,2020-02-23,C,False
55,244,37.73136614063236,2020-02-24,E,False
56,832,93.63211539691568,2020-02-25,A,False
57,505,67.5140061149668,2020-02-26,C,False
58,131,11.602268134816928,2020-02-27,D,True
59,485,4.22917492226812,2020-02-28,E,False
60,819,56.46290509972631,2020-02-29,D,True
61,647,93.01709654384246,2020-03-01,A,False
62,21,84.42487024058184,2020-03-02,N,True
63,841,67.58477464643364,2020-03-03,C,False
64,167,13.911584889108752,2020-03-04,A,True
65,274,,2020-03-05,E,False
66,388,87.55112265526162,2020-03-06,E,False
67,601,,2020-03-07,D,True
68,316,27.843940825043457,2020-03-08,A,False
69,14,12.960065119544195,2020-03-09,C,False
70,242,67.61082314144112,2020-03-10,N,True
71,777,94.39823053632097,2020-03-11,A,False
72,346,26.896803159538596,2020-03-12,A,True
73,565,47.54066078500737,2020-03-13,B,True
74,898,63.43397397112043,2020-03-14,D,False
75,340,99.94662482156306,2020-03-15,A,False
76,92,10.480806499757211,2020-03-16,A,False
77,367,49.85707995057091,2020-03-17,B,False
78,956,38.51201199025,2020-03-18,B,False
79,455,86.58201652223552,2020-03-19,E,True
80,428,47.59677310116559,2020-03-20,C,True
81,509,11.097752458514808,2020-03-21,D,False
82,776,63.44241452865836,2020-03-22,E,False
83,943,77.07806182638798,2020-03-23,A,False
84,35,0.28812516656145926,2020-03-24,B,True
85,206,85.89566854206295,2020-03-25,C,True
86,81,18.60230000056656,2020-03-26,E,True
87,932,55.20693646533778,2020-03-27,C,False
88,562,41.579750068745014,2020-03-28,B,False
89,872,71.96538166105304,2020-03-29,E,True
90,388,37.116161478574185,2020-03-30,E,False
91,2,86.97631766817108,2020-03-31,C,False
92,390,73.04963609587902,2020-04-01,B,True
93,566,64.77131710629214,2020-04-02,A,True
94,106,79.62405955628543,2020-04-03,E,False
95,772,75.40230349283823,2020-04-04,A,True
96,822,3.5938674921553337,2020-04-05,B,False
97,477,39.47343538448281,2020-04-06,E,False
98,703,93.08072973164899,2020-04-07,E,True
99,402,12.572426899222622,2020-04-08,A,False
100,730,73.70965504320512,2020-04-09,D,False
101,556,97.45918113353297,2020-04-10,A,True
102,162,5.219862904497163,2020-04-11,A,False
103,202,68.21938806266104,2020-04-12,D,True
104,958,46.815414130103036,2020-04-13,B,False
105,996,,2020-04-14,B,True
106,270,8.534133648432485,2020-04-15,E,True
107,863,4.3006951866939485,2020-04-16,C,True
108,816,66.68666605509218,2020-04-17,C,False
109,271,82.33094298207179,2020-04-18,E,True
110,456,78.20153349329672,2020-04-19,C,True
111,462,54.38057278662374,2020-04-20,A,True
112,727,9.986682113617817,2020-04-21,A,True
113,252,68.80444438360138,2020-04-22,D,False
114,702,24.188888355414594,2020-04-23,D,False
115,296,91.10687027673836,2020-04-24,E,True
116,725,83.82653595457049,2020-04-25,E,False
117,720,70.93829670873909,2020-04-26,E,False
118,749,94.88459558311304,2020-04-27,A,True
119,338,3.142182151127293,2020-04-28,C,False
120,879,73.6200425060762,2020-04-29,N,True
121,53,33.02427793364053,2020-04-30,E,False
122,792,90.60658856863652,2020-05-01,A,True
123,922,26.66751966619776,2020-05-02,A,False
124,217,72.48564993150171,2020-05-03,A,False
125,764,87.76470196507815,2020-05-04,C,False
126,188,4.165681838268243,2020-05-05,E,True
127,380,39.764757959203614,2020-05-06,B,False
128,493,76.23090320219387,2020-05-07,B,False
129,41,45.49188895075871,2020-05-08,E,True
130,157,26.72526297935953,2020-05-09,E,False
131,15,21.980534882319002,2020-05-10,N,True
132,813,13.15182669163779,2020-05-11,E,True
133,65,85.71295598562823,2020-05-12,C,False
134,857,57.5355403251556,2020-05-13,B,True
135,839,7.638494499145598,2020-05-14,D,True
136,521,38.25803235706354,2020-05-15,B,True
137,344,36.77336508051099,2020-05-16,B,True
138,129,18.173919070946297,2020-05-17,A,True
139,648,43.550762547219065,2020-05-18,E,False
140,472,33.209936539313645,2020-05-19,E,True
141,63,34.18037054921825,2020-05-20,E,False
142,139,73.90265577879586,2020-05-21,A,False
143,499,22.32633855051963,2020-05-22,C,False
144,593,64.18599588553555,2020-05-23,N,False
145,392,57.06496238809349,2020-05-24,D,False
146,675,56.809251233786725,2020-05-25,C,True
147,419,66.30073461417759,2020-05-26,C,True
148,289,54.8382036195654,2020-05-27,E,False
149,379,87.92551148463846,2020-05-28,B,True
150,773,67.55800919502597,2020-05-29,C,False
151,490,54.696325137138814,2020-05-30,C,False
152,231,82.97631202876448,2020-05-31,A,True
153,41,60.61465649334797,2020-06-01,D,True
154,28,29.1144247785179,2020-06-02,A,False
155,135,20.70949181765712,2020-06-03,E,False
156,201,15.232778566267879,2020-06-04,B,False
157,840,89.94552125461016,2020-06-05,D,True
158,780,71.01354317980658,2020-06-06,N,True
159,930,93.73784381643208,2020-06-07,C,False
160,33,60.3291805714943,2020-06-08,C,False
161,48,47.34008814949126,2020-06-09,D,True
162,503,5.971648897088933,2020-06-10,C,True
163,407,67.16422815460298,2020-06-11,N,True
164,574,58.220875976823116,2020-06-12,A,True
165,728,99.02088935876215,2020-06-13,C,False
166,805,23.915877778224303,2020-06-14,C,False
167,99,53.073735528683585,2020-06-15,E,False
168,684,65.09573351180727,2020-06-16,B,True
169,872,64.45911747423436,2020-06-17,D,True
170,726,56.12935429484027,2020-06-18,A,True
171,987,77.69280103272254,2020-06-19,D,False
172,547,,2020-06-20,N,False
173,961,72.56272002744159,2020-06-21,A,False
174,739,61.97345714330892,2020-06-22,E,True
175,613,89.60751117945733,2020-06-23,E,True
176,943,84.71944390335817,2020-06-24,C,False
177,462,31.514703913255325,2020-06-25,D,True
178,643,27.623732497515306,2020-06-26,D,False
179,769,98.16533238524478,2020-06-27,C,False
180,5,52.726518091525655,2020-06-28,D,False
181,218,90.64209639144369,2020-06-29,N,False
182,503,16.38810237804822,2020-06-30,A,True
183,767,64.28189148001742,2020-07-01,E,True
184,398,80.98601873605861,2020-07-02,N,True
185,871,94.73952495864468,2020-07-03,N,True
186,795,33.73401410170235,2020-07-04,B,True
187,393,72.49811699240524,2020-07-05,E,False
188,207,53.8813009039619,2020-07-06,C,False
189,15,6.06289260664682,2020-07-07,B,True
190,858,68.99997373089434,2020-07-08,B,True
191,554,69.00965582378434,2020-07-09,E,True
192,892,93.0606804846537,2020-07-10,E,False
193,461,49.73124461689724,2020-07-11,E,True
194,691,23.025092071051468,2020-07-12,C,False
195,575,,2020-07-13,B,True
196,864,41.56421866859057,2020-07-14,D,True
197,743,,2020-07-15,C,True
198,241,76.10883060238756,2020-07-16,A,False
199,564,35.426776484104664,2020-07-17,E,False
200,96,94.90711963148439,2020-07-18,B,True
201,900,96.23102029877842,2020-07-19,C,True
202,734,62.090859021770804,2020-07-20,A,True
203,485,92.86602870148829,2020-07-21,C,False
204,407,76.08543445144956,2020-07-22,C,False
205,231,54.68596409751262,2020-07-23,D,True
206,749,18.030793542277813,2020-07-24,D,False
207,655,45.859794351384,2020-07-25,C,False
208,171,56.087446336261756,2020-07-26,A,False
209,541,86.39615807350101,2020-07-27,B,False
210,36,48.133337653566485,2020-07-28,B,True
211,525,89.76746726779567,2020-07-29,E,True
212,160,67.43489790234689,2020-07-30,E,False
213,839,13.699906305367138,2020-07-31,B,False
214,699,99.4981369325093,2020-08-01,C,False
215,243,52.723266075391265,2020-08-02,C,True
216,86,39.18582964090789,2020-08-03,D,True
217,796,65.91137644695266,2020-08-04,D,False
218,578,10.889331398103907,2020-08-05,E,False
219,682,63.653864675335434,2020-08-06,B,False
220,557,49.82360004992729,2020-08-07,C,False
221,574,40.667406999858315,2020-08-08,B,True
222,953,95.30200211788991,2020-08-09,A,True
223,646,52.25397167320532,2020-08-10,N,True
224,796,21.91174794699384,2020-08-11,A,True
225,28,45.896347937729864,2020-08-12,D,True
226,620,91.93874045726727,2020-08-13,N,True
227,556,17.609547133059465,2020-08-14,E,False
228,340,21.39570386882369,2020-08-15,B,False
229,798,1.3029567757083749,2020-08-16,B,True
230,958,1.419004939576718,2020-08-17,A,True
231,331,82.93916269585125,2020-08-18,D,True
232,640,73.21226068429559,2020-08-19,A,False
233,506,35.50410564519583,2020-08-20,D,False
234,348,69.83111572275727,2020-08-21,A,False
235,473,39.52059263099702,2020-08-22,D,False
236,231,,2020-08-23,A,True
237,190,96.70526814260349,2020-08-24,D,False
238,225,39.27937758093434,2020-08-25,A,True
239,385,85.4221906340868,2020-08-26,B,False
240,377,77.30890416974661,2020-08-27,E,False
241,283,30.99999371717893,2020-08-28,A,False
242,958,23.2039828901106,2020-08-29,E,False
243,633,45.823465039283384,2020-08-30,B,True
244,628,78.13488406144063,2020-08-31,B,True
245,973,96.01677847287455,2020-09-01,D,True
246,745,76.35790688665726,2020-09-02,E,True
247,259,,2020-09-03,C,True
248,359,60.30643061705165,2020-09-04,D,False
249,710,83.54078308421259,2020-09-05,E,True
250,456,78.44208580034177,2020-09-06,A,False
251,411,37.69855419262801,2020-09-07,A,True
252,649,55.19903021207211,2020-09-08,B,False
253,318,80.47531219896949,2020-09-09,C,True
254,677,4.605673418995638,2020-09-10,A,False
255,225,80.80792823558299,2020-09-11,E,True
256,819,17.788812404902345,2020-09-12,E,False
257,234,51.468361712143896,2020-09-13,A,True
258,684,80.82754395559377,2020-09-14,E,True
259,664,25.382107815669485,2020-09-15,N,True
260,975,,2020-09-16,B,True
261,827,40.27643984622519,2020-09-17,C,False
262,374,89.46427975776345,2020-09-18,B,False
263,672,0.04427814372078842,2020-09-19,C,True
264,608,90.1383096641935,2020-09-20,E,False
265,472,15.380702464160779,2020-09-21,C,True
266,233,99.00863760674821,2020-09-22,E,False
267,692,95.48469930384681,2020-09-23,E,False
268,113,,2020-09-24,B,True
269,830,51.272024781262814,2020-09-25,B,True
270,497,48.154934027585426,2020-09-26,D,False
271,442,63.54436456595226,2020-09-27,A,True
272,564,9.072170223493103,2020-09-28,D,False
273,268,3.2617948341566505,2020-09-29,D,True
274,510,5.770292841589885,2020-09-30,C,False
275,807,44.43653492415144,2020-10-01,E,False
276,386,27.554793921948338,2020-10-02,E,True
277,387,62.203956237099376,2020-10-03,E,True
278,113,99.2442289374779,2020-10-04,A,True
279,613,38.63231730764659,2020-10-05,C,False
280,625,57.38412541045134,2020-10-06,N,False
281,952,41.56038959073355,2020-10-07,E,False
282,81,84.72716677218594,2020-10-08,D,True
283,699,90.22364034622382,2020-10-09,A,False
284,113,,2020-10-10,D,True
285,2,97.43722386792577,2020-10-11,B,True
286,642,,2020-10-12,C,False
287,220,83.9816162145531,2020-10-13,C,True
288,566,,2020-10-14,D,False
289,855,22.86944094003648,2020-10-15,A,True
290,997,95.63200933875275,2020-10-16,C,False
291,736,14.817792822994546,2020-10-17,D,True
292,225,67.95499271339084,2020-10-18,A,False
293,385,22.489021681591247,2020-10-19,D,True
294,403,43.138064877407466,2020-10-20,A,False
295,638,71.9159896944569,2020-10-21,E,False
296,130,56.33246420330467,2020-10-22,A,True
297,53,42.75018313281117,2020-10-23,B,False
298,684,32.63384309319872,2020-10-24,E,False
299,730,,2020-10-25,D,True
300,672,14.38143503148137,2020-10-26,E,True
301,710,43.010287652980004,2020-10-27,E,True
302,416,90.37575717751422,2020-10-28,D,True
303,247,84.58495504599676,2020-10-29,D,True
304,836,40.09417624730467,2020-10-30,B,True
305,439,76.31083636013084,2020-10-31,N,False
306,203,82.31608307088592,2020-11-01,C,False
307,184,88.88874240036297,2020-11-02,C,False
308,123,54.4505769049228,2020-11-03,B,True
309,401,20.44608860547118,2020-11-04,A,True
310,767,25.530907650393164,2020-11-05,A,False
311,294,29.56946740416042,2020-11-06,C,False
312,280,59.38024808096155,2020-11-07,D,True
313,837,3.280962412860844,2020-11-08,B,False
314,884,63.60424687799683,2020-11-09,A,True
315,610,36.4354238428232,2020-11-10,A,True
316,198,29.524180248964214,2020-11-11,E,False
317,982,87.94965707281264,2020-11-12,C,True
318,907,46.00023955807989,2020-11-13,D,True
319,511,9.505304553269278,2020-11-14,B,True
320,752,82.6746768026247,2020-11-15,A,True
321,144,,2020-11-16,E,False
322,609,72.67492241681967,2020-11-17,C,True
323,201,77.39062217706652,2020-11-18,C,True
324,124,35.260260592885814,2020-11-19,B,False
325,187,82.47878562777868,2020-11-20,A,True
326,326,51.56594058564534,2020-11-21,B,True
327,464,46.32936532727968,2020-11-22,B,False
328,349,4.540328146869255,2020-11-23,E,False
329,771,29.002919364890587,2020-11-24,C,True
330,660,93.10099708852998,2020-11-25,N,False
331,764,39.18239632835,2020-11-26,C,False
332,955,54.670052055676834,2020-11-27,N,True
333,932,53.20216789842518,2020-11-28,E,True
334,403,59.04310898226933,2020-11-29,D,True
335,346,6.133095564328261,2020-11-30,A,False
336,963,36.21762547987283,2020-12-01,D,True
337,511,72.31282738825541,2020-12-02,A,False
338,147,,2020-12-03,D,False
339,148,20.357837754636044,2020-12-04,B,False
340,864,1.0090606689024728,2020-12-05,D,False
341,711,43.748192660820976,2020-12-06,E,True
342,820,88.2734380673422,2020-12-07,A,False
343,489,5.190094358730901,2020-12-08,C,True
344,929,19.111870949600263,2020-12-09,E,False
345,936,31.008453834275507,2020-12-10,A,False
346,640,73.17247365642129,2020-12-11,A,True
347,551,64.06355928025866,2020-12-12,C,False
348,338,41.5943904581855,2020-12-13,B,False
349,872,75.90689392583757,2020-12-14,E,True
350,641,60.96310116569019,2020-12-15,C,False
351,779,89.60407996572191,2020-12-16,C,False
352,988,81.8026749138693,2020-12-17,B,False
353,953,25.281360608920057,2020-12-18,E,True
354,473,27.14385776342002,2020-12-19,C,False
355,946,12.535647579238562,2020-12-20,B,True
356,151,33.69647257174565,2020-12-21,E,True
357,415,99.95439187190944,2020-12-22,D,True
358,990,40.5751168615061,2020-12-23,A,False
359,298,22.04884346891064,2020-12-24,B,False
360,611,76.2482884475553,2020-12-25,A,False
361,263,54.24710034626561,2020-12-26,D,False
362,764,14.960144952695254,2020-12-27,C,True
363,144,38.06896811608658,2020-12-28,C,True
364,346,41.44697155393433,2020-12-29,E,False
365,624,75.38297005692186,2020-12-30,B,False
366,572,2.0671368891904462,2020-12-31,B,True
367,881,26.901964679831046,2021-01-01,E,False
368,2,51.7596301315522,2021-01-02,A,False
369,897,26.884674245284334,2021-01-03,C,False
370,304,62.84340474189989,2021-01-04,C,False
371,254,48.18674792746166,2021-01-05,B,False
372,652,36.17102548595806,2021-01-06,B,False
373,453,94.92086268705123,2021-01-07,E,True
374,37,63.21594991864574,2021-01-08,D,True
375,160,12.994137226794123,2021-01-09,A,True
376,9,56.00916974433955,2021-01-10,D,True
377,233,78.0731853200901,2021-01-11,D,False
378,99,70.84896974927973,2021-01-12,B,False
379,659,17.20892292952594,2021-01-13,B,True
380,816,97.24199990401033,2021-01-14,B,True
381,208,44.8813645746606,2021-01-15,D,True
382,131,15.902500374026129,2021-01-16,A,True
383,404,,2021-01-17,B,True
384,152,9.823499218908049,2021-01-18,C,False
385,54,80.35181084349344,2021-01-19,A,False
386,120,12.203049432184866,2021-01-20,C,True
387,673,12.512525714174693,2021-01-21,A,True
388,920,85.04716147608377,2021-01-22,B,False
389,628,34.46040844475596,2021-01-23,E,False
390,587,3.085790430807245,2021-01-24,B,False
391,625,5.189529951841088,2021-01-25,D,True
392,968,14.217044670389555,2021-01-26,D,False
393,420,21.339334797568952,2021-01-27,A,True
394,422,66.51461942384054,2021-01-28,D,True
395,104,15.732628000182824,2021-01-29,B,False
396,852,11.8874391177072,2021-01-30,C,False
397,254,76.47191414762791,2021-01-31,B,False
398,227,67.10552838599145,2021-02-01,A,True
399,112,43.53242214552362,2021-02-02,D,False
400,510,54.9309771480104,2021-02-03,C,False
401,473,,2021-02-04,E,True
402,99,48.25004202353607,2021-02-05,C,False
403,153,50.66726489827458,2021-02-06,C,False
404,861,38.723727117809595,2021-02-07,B,True
405,914,90.65722106721627,2021-02-08,E,True
406,896,,2021-02-09,A,True
407,878,78.21712630912462,2021-02-10,A,True
408,338,12.438283124132433,2021-02-11,C,True
409,706,79.75473605371994,2021-02-12,C,False
410,822,61.59119156767212,2021-02-13,D,False
411,163,84.32780909364024,2021-02-14,N,True
412,720,9.751432564089747,2021-02-15,C,False
413,957,,2021-02-16,D,False
414,681,50.108788026219706,2021-02-17,E,True
415,996,70.61931829633586,2021-02-18,A,True
416,161,53.42905518936758,2021-02-19,D,True
417,580,54.07345671331042,2021-02-20,E,False
418,801,42.95959435760647,2021-02-21,D,True
419,398,30.883442400734083,2021-02-22,C,False
420,277,48.226436125219216,2021-02-23,B,False
421,816,11.849235876840059,2021-02-24,A,False
422,916,96.15133389830848,2021-02-25,C,False
423,504,71.44107636265983,2021-02-26,C,True
424,896,95.24671166878468,2021-02-27,E,False
425,392,22.672738232996327,2021-02-28,D,True
426,135,87.9341020176528,2021-03-01,A,False
427,195,80.87899845635384,2021-03-02,C,True
428,401,67.71524124576736,2021-03-03,E,True
429,640,62.502918608520574,2021-03-04,A,True
430,33,31.654966526787,2021-03-05,D,False
431,688,81.64107849650307,2021-03-06,C,False
432,460,50.15154614797338,2021-03-07,C,False
433,955,7.089157589128536,2021-03-08,C,True
434,883,31.286316085513,2021-03-09,A,False
435,470,93.52970985453275,2021-03-10,A,False
436,375,85.06802606048463,2021-03-11,A,False
437,22,98.19056980765392,2021-03-12,A,True
438,750,62.79933826040981,2021-03-13,E,False
439,670,24.751007314041196,2021-03-14,N,False
440,38,16.281504967686377,2021-03-15,E,True
441,230,18.691444060846163,2021-03-16,C,True
442,365,1.9795658347254386,2021-03-17,E,True
443,563,39.06821109859392,2021-03-18,N,True
444,438,19.14276804995425,2021-03-19,A,True
445,776,41.16554604567024,2021-03-20,D,True
446,283,93.49944318387654,2021-03-21,N,False
447,27,43.05402095071899,2021-03-22,C,False
448,226,87.79844969848348,2021-03-23,A,True
449,277,60.55047666158765,2021-03-24,D,False
450,798,24.71315546613919,2021-03-25,C,True
451,609,35.58547592592114,2021-03-26,A,False
452,284,8.391953582142941,2021-03-27,B,True
453,879,33.34625935960105,2021-03-28,C,True
454,960,67.7540945503534,2021-03-29,E,False
455,481,7.211109292943519,2021-03-30,A,False
456,453,,2021-03-31,D,False
457,829,38.14410414133115,2021-04-01,D,False
458,816,98.20495370159625,2021-04-02,E,False
459,659,78.48618229588801,2021-04-03,E,False
460,516,73.3486746492104,2021-04-04,D,False
461,547,11.619095652544598,2021-04-05,A,False
462,192,78.09958936149914,2021-04-06,C,True
463,49,78.52688115160151,2021-04-07,E,False
464,512,60.110269562432826,2021-04-08,E,False
465,17,99.0361781998372,2021-04-09,E,True
466,172,32.525390592455196,2021-04-10,B,True
467,220,94.12724482418517,2021-04-11,A,True
468,158,91.47311149565036,2021-04-12,A,True
469,477,1.1480659749377842,2021-04-13,A,False
470,46,45.01165264748111,2021-04-14,A,False
471,373,97.71042330515733,2021-04-15,A,True
472,518,10.312136240807579,2021-04-16,D,True
473,99,54.778469438331946,2021-04-17,E,False
474,892,97.89575070411041,2021-04-18,D,False
475,745,55.549542410586014,2021-04-19,B,False
476,37,18.9815302972156,2021-04-20,C,False
477,280,58.218323009258974,2021-04-21,E,True
478,349,20.444057394954683,2021-04-22,B,False
479,497,51.970426289448426,2021-04-23,D,True
480,302,7.4042217912348,2021-04-24,C,True
481,181,60.548266921440465,2021-04-25,B,True
482,607,51.67899391281582,2021-04-26,C,False
483,99,74.0161368761463,2021-04-27,B,True
484,700,63.0700471158785,2021-04-28,D,False
485,993,54.96062685307567,2021-04-29,C,True
486,116,68.97788492481212,2021-04-30,B,False
487,191,14.394191357223086,2021-05-01,D,True
488,253,59.535966125860405,2021-05-02,E,False
489,981,17.211060282277767,2021-05-03,D,False
490,928,92.55222078518808,2021-05-04,D,False
491,983,6.833410484560421,2021-05-05,E,True
492,161,43.03747496907933,2021-05-06,D,True
493,256,69.57974776554448,2021-05-07,E,False
494,323,45.80222116682587,2021-05-08,E,True
495,128,9.209525323290235,2021-05-09,E,False
496,18,55.337901612670734,2021-05-10,B,False
497,793,64.16319088273545,2021-05-11,C,True
498,735,70.37923109905077,2021-05-12,B,False
499,566,37.32598144627589,2021-05-13,E,True
500,570,56.36599710287622,2021-05-14,C,False
501,323,45.06864749389131,2021-05-15,C,False
502,872,67.20560387522534,2021-05-16,E,True
503,686,58.35569673248185,2021-05-17,C,False
504,792,52.57562195591349,2021-05-18,C,True
505,626,,2021-05-19,B,False
506,288,0.20185177482339167,2021-05-20,C,False
507,943,17.408167531142926,2021-05-21,E,False
508,854,11.706604142416865,2021-05-22,A,False
509,663,44.90847450109467,2021-05-23,A,True
510,962,61.22581507618447,2021-05-24,A,False
511,639,21.308500868480817,2021-05-25,E,False
512,155,93.90570959671871,2021-05-26,A,False
513,490,0.6682129223887778,2021-05-27,B,True
514,386,77.23010151653429,2021-05-28,E,True
515,986,62.52047695304422,2021-05-29,E,True
516,785,37.35548010476819,2021-05-30,E,True
517,104,,2021-05-31,C,False
518,929,,2021-06-01,C,False
519,393,38.56135128656481,2021-06-02,C,False
520,811,93.62671394132191,2021-06-03,N,True
521,246,54.19900748897659,2021-06-04,B,True
522,176,93.96515112935082,2021-06-05,E,False
523,39,22.04836934733041,2021-06-06,E,False
524,477,72.57259103641033,2021-06-07,C,False
525,682,61.72490208487257,2021-06-08,E,True
526,759,73.94082298313118,2021-06-09,E,False
527,538,21.466786397253678,2021-06-10,A,False
528,867,66.49945162377738,2021-06-11,E,True
529,818,49.8040393056869,2021-06-12,D,False
530,921,74.28249749063163,2021-06-13,C,False
531,408,32.704464415181775,2021-06-14,B,True
532,525,89.00570254652526,2021-06-15,B,False
533,828,8.430131461135037,2021-06-16,A,False
534,506,80.7189318791188,2021-06-17,B,False
535,903,86.13196258150909,2021-06-18,B,False
536,825,81.72523113668213,2021-06-19,C,False
537,36,,2021-06-20,C,True
538,685,43.83849800307613,2021-06-21,D,True
539,20,99.62622865248768,2021-06-22,A,False
540,321,22.917195121416214,2021-06-23,B,False
541,776,54.68759658760446,2021-06-24,D,False
542,512,67.06755253823256,2021-06-25,A,True
543,400,70.08676358614319,2021-06-26,B,True
544,654,,2021-06-27,B,False
545,972,65.39940923398012,2021-06-28,C,True
546,883,81.83695664813374,2021-06-29,E,True
547,471,5.001857682111222,2021-06-30,A,True
548,143,91.15212933253164,2021-07-01,B,True
549,92,2.950405514520593,2021-07-02,A,False
550,354,35.59710324883943,2021-07-03,D,True
551,834,1.5813196232962068,2021-07-04,D,False
552,800,7.7145168539581865,2021-07-05,E,True
553,727,91.1168285180079,2021-07-06,B,False
554,959,35.48608307461478,2021-07-07,C,False
555,854,42.477153042505286,2021-07-08,B,True
556,51,21.53443813825526,2021-07-09,A,False
557,665,59.70957701867198,2021-07-10,D,False
558,698,59.480321467778964,2021-07-11,A,True
559,575,37.22003918252192,2021-07-12,E,False
560,190,33.30348718053984,2021-07-13,D,True
561,125,88.49643081805878,2021-07-14,C,False
562,150,38.328423964220136,2021-07-15,D,True
563,314,49.35009921544082,2021-07-16,B,True
564,570,28.330476242493063,2021-07-17,B,True
565,342,78.67695033571273,2021-07-18,D,True
566,305,39.74481568990916,2021-07-19,E,True
567,692,51.36110465443245,2021-07-20,B,False
568,682,25.335717005966142,2021-07-21,B,False
569,838,98.76595923412518,2021-07-22,C,True
570,783,29.149574092372287,2021-07-23,D,False
571,54,77.07425309055516,2021-07-24,B,False
572,444,42.74956503567592,2021-07-25,E,False
573,613,20.62174050841399,2021-07-26,A,True
574,993,79.97187639648612,2021-07-27,D,True
575,264,33.36067890290432,2021-07-28,C,False
576,53,86.5193347397811,2021-07-29,B,True
577,572,91.5257184917823,2021-07-30,E,True
578,620,85.9823835391276,2021-07-31,D,False
579,5,3.500791480680565,2021-08-01,E,True
580,103,78.73733450051056,2021-08-02,E,True
581,196,41.133946649914385,2021-08-03,C,True
582,774,87.37229201822251,2021-08-04,D,True
583,877,63.795426268473875,2021-08-05,B,True
584,992,83.36431341439584,2021-08-06,C,False
585,884,49.94317698668353,2021-08-07,B,True
586,350,53.502550459893286,2021-08-08,A,True
587,47,14.438763213366723,2021-08-09,E,False
588,867,78.39873586893555,2021-08-10,A,False
589,823,41.93896116669716,2021-08-11,E,True
590,936,50.00801182715826,2021-08-12,C,False
591,820,78.50977140957076,2021-08-13,N,True
592,656,59.8845400079439,2021-08-14,B,False
593,269,20.109872744266745,2021-08-15,C,True
594,370,59.023265915089276,2021-08-16,D,False
595,636,40.76328579796558,2021-08-17,A,True
596,106,46.95255420438627,2021-08-18,A,False
597,670,2.8311274402667785,2021-08-19,B,True
598,659,21.00293495162816,2021-08-20,N,True
599,657,28.103808138102828,2021-08-21,B,True
600,120,71.29600078588058,2021-08-22,C,False
601,831,1.1492473298115313,2021-08-23,D,False
602,787,40.8777261229132,2021-08-24,A,True
603,604,92.40268704257329,2021-08-25,E,True
604,58,11.188061654912385,2021-08-26,C,True
605,951,51.642438821861106,2021-08-27,A,True
606,346,78.65223823908471,2021-08-28,D,False
607,741,94.25313075201167,2021-08-29,C,False
608,474,74.67766395337179,2021-08-30,A,False
609,117,72.05655486444061,2021-08-31,C,True
610,830,82.64880901957625,2021-09-01,A,True
611,791,44.62012209775437,2021-09-02,A,False
612,127,80.58445326178331,2021-09-03,D,False
613,393,0.7964404745451126,2021-09-04,E,False
614,908,92.45610553768049,2021-09-05,D,False
615,641,44.33065095171753,2021-09-06,A,True
616,58,55.338018786574764,2021-09-07,N,True
617,634,25.48822489148823,2021-09-08,D,True
618,513,74.25308328404215,2021-09-09,E,False
619,751,7.663580647524881,2021-09-10,A,True
620,802,87.26358025468353,2021-09-11,D,False
621,96,82.81168290063428,2021-09-12,D,False
622,638,21.60601162447664,2021-09-13,N,False
623,118,80.93243982852624,2021-09-14,D,False
624,560,78.63577330614815,2021-09-15,C,False
625,601,63.2216597753949,2021-09-16,E,True
626,488,37.352017689968754,2021-09-17,E,True
627,237,,2021-09-18,A,True
628,885,23.178359028935002,2021-09-19,B,False
629,897,31.860896276360716,2021-09-20,C,True
630,272,90.35584434325304,2021-09-21,A,False
631,189,7.764077598878128,2021-09-22,N,True
632,999,82.88712762529586,2021-09-23,D,False
633,704,34.88900750418236,2021-09-24,B,False
634,447,52.15993960113582,2021-09-25,B,True
635,581,79.44856336484906,2021-09-26,C,False
636,790,88.43765470229712,2021-09-27,B,True
637,861,34.4781420072647,2021-09-28,A,True
638,247,46.18434812751103,2021-09-29,B,True
639,963,41.45160648167923,2021-09-30,B,False
640,76,1.3251033503910548,2021-10-01,E,False
641,154,,2021-10-02,A,False
642,656,45.918923373256185,2021-10-03,B,False
643,435,41.10936088804398,2021-10-04,B,True
644,997,72.19292275156795,2021-10-05,D,False
645,86,38.480361722110324,2021-10-06,B,True
646,697,48.937644897067024,2021-10-07,N,True
647,285,42.96085921323633,2021-10-08,E,False
648,974,74.06261488943706,2021-10-09,A,False
649,220,86.29723989869625,2021-10-10,N,True
650,69,53.18890790075142,2021-10-11,A,False
651,47,78.94321941951912,2021-10-12,D,True
652,94,29.678668201985058,2021-10-13,A,False
653,750,54.13696101572687,2021-10-14,B,False
654,958,34.52299536699724,2021-10-15,D,True
655,453,41.42009255718303,2021-10-16,A,False
656,204,73.24138648126686,2021-10-17,D,True
657,912,88.16624823327128,2021-10-18,C,False
658,218,12.14953910877654,2021-10-19,A,False
659,474,63.46392564873805,2021-10-20,B,False
660,432,58.21438075777985,2021-10-21,D,False
661,341,11.841503917593188,2021-10-22,E,True
662,551,21.189433044010908,2021-10-23,D,False
663,612,31.100249473268025,2021-10-24,E,True
664,289,16.693107081750146,2021-10-25,B,False
665,254,24.372948252434178,2021-10-26,C,True
666,734,26.76007988617075,2021-10-27,E,False
667,357,33.56738330390596,2021-10-28,C,False
668,23,74.9390452801159,2021-10-29,D,False
669,762,57.19122038506007,2021-10-30,B,True
670,522,98.62466719514015,2021-10-31,E,False
671,758,41.4735826967471,2021-11-01,D,False
672,837,75.3865073836925,2021-11-02,A,False
673,100,87.14684213765338,2021-11-03,D,False
674,802,67.8978493038042,2021-11-04,C,False
675,180,41.1864740417496,2021-11-05,B,False
676,223,75.35946307457529,2021-11-06,B,False
677,906,20.366713777268487,2021-11-07,D,True
678,762,32.75521651801324,2021-11-08,A,True
679,659,54.66852550992888,2021-11-09,N,True
680,442,57.54093872861483,2021-11-10,D,True
681,608,2.2141475472629457,2021-11-11,D,False
682,769,,2021-11-12,N,False
683,325,69.662727121739,2021-11-13,C,False
684,516,49.57037502318911,2021-11-14,A,True
685,16,93.31272344083084,2021-11-15,B,True
686,792,43.90955652508285,2021-11-16,D,False
687,336,98.04355702703718,2021-11-17,B,True
688,759,51.22847572434851,2021-11-18,B,True
689,258,11.428576999797945,2021-11-19,E,False
690,497,76.48009724592772,2021-11-20,B,False
691,988,67.88977250778404,2021-11-21,B,False
692,896,77.29867213055867,2021-11-22,C,True
693,160,95.1442028725681,2021-11-23,B,False
694,475,77.64893026510181,2021-11-24,A,False
695,852,61.133660221664684,2021-11-25,D,False
696,664,85.7308902360841,2021-11-26,C,True
697,908,67.32464393545315,2021-11-27,B,True
698,690,40.81190568259231,2021-11-28,A,False
699,675,88.56197642417733,2021-11-29,D,False
700,380,22.190046078437287,2021-11-30,C,True
701,545,71.46412749087241,2021-12-01,A,True
702,929,88.1563454940757,2021-12-02,B,False
703,957,73.13165197032963,2021-12-03,E,True
704,691,69.72754190538569,2021-12-04,N,False
705,427,75.26382940718361,2021-12-05,C,False
706,613,46.50552483006444,2021-12-06,A,True
707,268,87.4170682157026,2021-12-07,D,False
708,835,20.34364751360912,2021-12-08,A,False
709,577,12.73864160003393,2021-12-09,E,False
710,417,28.550878011851154,2021-12-10,C,False
711,168,53.157739677499315,2021-12-11,B,True
712,842,51.05617954093381,2021-12-12,A,False
713,43,82.05987576765867,2021-12-13,E,False
714,556,40.45686564040174,2021-12-14,D,False
715,285,48.434442629150865,2021-12-15,C,True
716,397,1.3367683259395635,2021-12-16,B,True
717,12,,2021-12-17,A,True
718,607,64.77742329503421,2021-12-18,D,True
719,302,1.5508330626592182,2021-12-19,B,True
720,898,28.088196518624375,2021-12-20,E,False
721,253,20.795635928938992,2021-12-21,E,True
722,499,4.198542890958823,2021-12-22,D,False
723,754,47.92600899145375,2021-12-23,E,True
724,35,,2021-12-24,C,False
725,727,74.30815396313801,2021-12-25,D,False
726,849,84.79278837633485,2021-12-26,E,True
727,90,,2021-12-27,A,False
728,776,98.17073425211416,2021-12-28,E,False
729,605,45.04785714705953,2021-12-29,C,False
730,922,51.33682102249155,2021-12-30,N,True
731,970,98.92177539577501,2021-12-31,B,True
732,602,23.154843596504882,2022-01-01,E,False
733,418,94.25459396769052,2022-01-02,B,True
734,115,4.283755511911325,2022-01-03,E,True
735,617,44.638689026319476,2022-01-04,C,False
736,903,7.000351213306577,2022-01-05,B,False
737,196,72.9234742913643,2022-01-06,A,True
738,826,60.84089358800178,2022-01-07,E,True
739,501,70.66342634675964,2022-01-08,B,True
740,626,37.4480399968017,2022-01-09,C,False
741,493,36.94819340313803,2022-01-10,C,True
742,75,4.53192789608946,2022-01-11,A,True
743,413,34.99449395296398,2022-01-12,C,True
744,376,92.92884022620595,2022-01-13,C,False
745,420,37.9226537180449,2022-01-14,B,False
746,729,83.13677062219699,2022-01-15,E,False
747,277,84.2325504749934,2022-01-16,N,True
748,761,37.324115637923384,2022-01-17,C,True
749,676,63.19886803961891,2022-01-18,C,False
750,394,9.537160227305863,2022-01-19,D,True
751,869,10.36785807342765,2022-01-20,C,True
752,457,4.865766366171331,2022-01-21,N,True
753,920,58.10150933751095,2022-01-22,B,False
754,192,42.607097762609705,2022-01-23,D,True
755,739,54.80323566642401,2022-01-24,C,True
756,689,52.10731905083878,2022-01-25,C,False
757,99,35.02029910907303,2022-01-26,E,True
758,548,67.7473414823473,2022-01-27,C,False
759,978,75.85018809163907,2022-01-28,B,True
760,999,1.4628258877675715,2022-01-29,A,False
761,96,20.72422997688783,2022-01-30,A,False
762,664,71.32358680833369,2022-01-31,A,True
763,663,,2022-02-01,A,True
764,190,66.24839469416082,2022-02-02,C,False
765,736,34.696265973455844,2022-02-03,C,True
766,37,39.07551523296371,2022-02-04,E,False
767,780,15.867887368968493,2022-02-05,C,True
768,369,25.823101966616,2022-02-06,A,True
769,695,,2022-02-07,D,True
770,525,43.31631113151664,2022-02-08,D,True
771,279,77.43026829445951,2022-02-09,B,False
772,217,85.25849549383427,2022-02-10,B,False
773,867,54.164641821675986,2022-02-11,C,True
774,873,75.82672920560591,2022-02-12,D,True
775,798,30.690451319457,2022-02-13,A,True
776,273,41.49712154000782,2022-02-14,A,True
777,881,71.2777676216831,2022-02-15,A,True
778,62,,2022-02-16,C,False
779,596,,2022-02-17,C,False
780,880,18.53727790825115,2022-02-18,E,True
781,729,59.9771314970498,2022-02-19,N,False
782,342,86.15137072268936,2022-02-20,N,False
783,397,86.86396398234257,2022-02-21,C,True
784,699,,2022-02-22,N,False
785,19,74.5753379076126,2022-02-23,E,False
786,177,55.79274451507007,2022-02-24,E,False
787,612,58.466809016582474,2022-02-25,B,False
788,396,13.3650581410518,2022-02-26,D,True
789,445,44.38591884213011,2022-02-27,A,False
790,233,45.077628388636384,2022-02-28,A,False
791,915,95.84978356677402,2022-03-01,E,False
792,76,43.108686262328945,2022-03-02,E,True
793,265,54.934264490275766,2022-03-03,B,False
794,455,53.32513992791025,2022-03-04,D,False
795,796,63.67617170443272,2022-03-05,B,False
796,718,74.82328313318959,2022-03-06,D,True
797,735,22.50418761708721,2022-03-07,A,True
798,384,52.87244190984357,2022-03-08,B,True
799,564,,2022-03-09,E,True
800,851,46.31147138375115,2022-03-10,B,True
801,506,27.845754637357302,2022-03-11,B,False
802,367,65.4709075356299,2022-03-12,A,True
803,144,82.3767395799123,2022-03-13,E,False
804,885,6.314029292739132,2022-03-14,E,True
805,69,77.67904834072272,2022-03-15,C,True
806,99,82.16479329617712,2022-03-16,N,True
807,396,46.15229275886068,2022-03-17,C,False
808,25,98.33056568184674,2022-03-18,A,False
809,948,78.6708340707309,2022-03-19,B,False
810,891,77.36625648956658,2022-03-20,E,True
811,469,74.78385744120718,2022-03-21,E,True
812,484,15.0608103218274,2022-03-22,B,True
813,565,21.723088645301083,2022-03-23,E,True
814,151,46.3990131464425,2022-03-24,B,True
815,144,26.400434995946586,2022-03-25,A,True
816,569,41.52409723340404,2022-03-26,A,False
817,39,88.84641099229206,2022-03-27,A,False
818,109,82.43268918792693,2022-03-28,B,True
819,693,63.003987847998225,2022-03-29,B,False
820,42,85.81203942511036,2022-03-30,D,False
821,186,78.37723890172492,2022-03-31,E,False
822,935,42.89849318408905,2022-04-01,E,True
823,398,20.106515204994512,2022-04-02,D,True
824,223,51.42010400093392,2022-04-03,D,True
825,634,73.622888252855,2022-04-04,A,True
826,133,43.641959872959305,2022-04-05,D,False
827,163,66.67719097838972,2022-04-06,B,True
828,215,,2022-04-07,C,True
829,733,74.80047363714034,2022-04-08,B,False
830,235,81.2713619893062,2022-04-09,D,False
831,843,70.68378557805411,2022-04-10,E,False
832,658,96.72635875263656,2022-04-11,B,False
833,751,82.66520574606405,2022-04-12,E,False
834,588,90.30937278765383,2022-04-13,B,False
835,9,93.3571083457648,2022-04-14,N,True
836,74,80.13479918738085,2022-04-15,B,False
837,954,67.4258842006499,2022-04-16,E,False
838,492,0.5718581360789288,2022-04-17,C,True
839,913,46.58257532231247,2022-04-18,A,True
840,253,57.1162298622361,2022-04-19,B,True
841,230,30.40302724479996,2022-04-20,C,False
842,519,31.810444690347207,2022-04-21,A,True
843,174,96.11594157101652,2022-04-22,N,False
844,653,89.17108652027459,2022-04-23,C,True
845,168,84.91790055017042,2022-04-24,C,False
846,170,40.60118017061106,2022-04-25,C,False
847,393,1.3698550408914545,2022-04-26,D,False
848,946,8.022224645571407,2022-04-27,E,False
849,795,31.219636821760368,2022-04-28,A,True
850,634,1.5742912995676983,2022-04-29,E,True
851,194,1.7149781915198115,2022-04-30,E,False
852,517,91.6603301642411,2022-05-01,E,True
853,29,70.61585021190541,2022-05-02,C,False
854,165,30.895599006815267,2022-05-03,E,False
855,422,13.264457760095317,2022-05-04,D,True
856,339,51.163571789507714,2022-05-05,B,False
857,648,0.5346160854364457,2022-05-06,C,False
858,496,93.8413743858144,2022-05-07,N,True
859,365,41.48151193889472,2022-05-08,B,False
860,833,40.233495523733275,2022-05-09,B,True
861,342,39.059360758178215,2022-05-10,B,True
862,500,6.932833038776476,2022-05-11,E,True
863,657,63.83222397918266,2022-05-12,E,False
864,511,73.30036196283534,2022-05-13,C,False
865,327,67.61253975882903,2022-05-14,E,True
866,217,13.843549332939432,2022-05-15,E,False
867,301,57.884016803559255,2022-05-16,E,False
868,132,56.948448417225386,2022-05-17,C,True
869,804,86.8410787941382,2022-05-18,C,False
870,70,37.9127658375647,2022-05-19,D,False
871,252,37.148594365943424,2022-05-20,D,True
872,415,,2022-05-21,D,False
873,787,63.3072653499513,2022-05-22,D,True
874,445,46.92852273257904,2022-05-23,B,False
875,876,44.30593623304211,2022-05-24,N,False
876,182,49.41476706378827,2022-05-25,D,True
877,167,86.10452995033118,2022-05-26,D,True
878,91,46.116690125391,2022-05-27,A,False
879,714,93.99317919698224,2022-05-28,B,True
880,858,50.4003763596326,2022-05-29,A,True
881,531,94.92006931808913,2022-05-30,A,False
882,39,83.28319018690758,2022-05-31,E,True
883,126,36.243132261582915,2022-06-01,C,False
884,451,86.3641421296616,2022-06-02,B,False
885,173,11.006328420111522,2022-06-03,D,True
886,653,92.50471753430145,2022-06-04,D,False
887,754,,2022-06-05,C,True
888,220,5.439074852231118,2022-06-06,B,False
889,638,64.42567236508116,2022-06-07,D,True
890,58,,2022-06-08,D,True
891,660,6.9800654614628925,2022-06-09,E,False
892,476,55.46877097800863,2022-06-10,A,True
893,456,74.77943497593725,2022-06-11,D,True
894,829,81.02585866995314,2022-06-12,B,True
895,895,41.38274653207959,2022-06-13,C,False
896,361,20.4166559168243,2022-06-14,E,False
897,935,4.234227877238384,2022-06-15,N,True
898,1,57.972615709722476,2022-06-16,E,True
899,387,45.29110702676108,2022-06-17,A,False
900,973,94.8744395149711,2022-06-18,D,False
901,348,6.060490771490978,2022-06-19,B,False
902,190,68.53953434460057,2022-06-20,C,True
903,505,2.496622212005717,2022-06-21,A,False
904,191,17.143417671054273,2022-06-22,A,True
905,508,45.357899992283414,2022-06-23,E,False
906,369,45.48724428028682,2022-06-24,A,True
907,409,68.5700542933644,2022-06-25,B,False
908,824,91.02130348677566,2022-06-26,E,True
909,929,63.90321589149208,2022-06-27,A,False
910,934,95.35350978515088,2022-06-28,C,False
911,117,88.16156398779977,2022-06-29,B,True
912,134,58.449979553079025,2022-06-30,C,False
913,58,83.37919509188274,2022-07-01,C,False
914,556,64.2577610323634,2022-07-02,E,False
915,685,,2022-07-03,D,False
916,672,74.05647232595099,2022-07-04,E,True
917,173,9.490844126734622,2022-07-05,B,True
918,829,59.40827805697124,2022-07-06,B,False
919,815,,2022-07-07,E,True
920,149,6.652760821085524,2022-07-08,D,True
921,80,23.079465392653177,2022-07-09,E,True
922,886,91.56722322616498,2022-07-10,B,True
923,213,,2022-07-11,N,True
924,203,24.628601881053157,2022-07-12,B,False
925,764,69.06797711480066,2022-07-13,D,True
926,229,59.67764199616896,2022-07-14,D,False
927,676,50.15756999179484,2022-07-15,E,True
928,227,97.61869749880837,2022-07-16,E,False
929,659,68.34537774075089,2022-07-17,E,False
930,532,37.544110966791266,2022-07-18,D,False
931,441,80.0073432076868,2022-07-19,D,True
932,402,88.45832929211878,2022-07-20,B,True
933,47,12.522055951683143,2022-07-21,C,False
934,233,20.055297784526648,2022-07-22,N,False
935,305,21.62270091277797,2022-07-23,B,True
936,526,,2022-07-24,B,True
937,143,60.30395550532833,2022-07-25,A,False
938,415,61.899156469858816,2022-07-26,E,True
939,513,94.0773299689501,2022-07-27,B,True
940,373,77.5911532807306,2022-07-28,A,True
941,566,12.793692451178318,2022-07-29,E,True
942,886,34.7507082425181,2022-07-30,D,True
943,259,43.53936461757356,2022-07-31,A,True
944,656,39.59615887476049,2022-08-01,D,False
945,471,66.93086091618792,2022-08-02,C,False
946,953,89.18931032565625,2022-08-03,C,False
947,971,30.6051463522788,2022-08-04,C,False
948,12,55.18771364211857,2022-08-05,C,False
949,330,78.94094219135856,2022-08-06,B,False
950,736,41.621805884534936,2022-08-07,C,True
951,784,,2022-08-08,B,True
952,968,47.49509652637482,2022-08-09,B,False
953,358,5.5222520743028465,2022-08-10,E,False
954,972,94.23834540022769,2022-08-11,B,False
955,408,7.482120519497304,2022-08-12,B,True
956,668,43.84567152505782,2022-08-13,C,True
957,373,52.98812610885262,2022-08-14,B,True
958,8,98.53038322872855,2022-08-15,D,True
959,122,16.60218236428608,2022-08-16,C,False
960,348,11.443151861235856,2022-08-17,A,False
961,676,0.8706147062543579,2022-08-18,C,False
962,90,15.55714368693023,2022-08-19,B,False
963,648,20.72729790676676,2022-08-20,D,True
964,698,,2022-08-21,C,True
965,316,21.97067903914004,2022-08-22,D,False
966,178,2.052081472932521,2022-08-23,A,True
967,540,,2022-08-24,A,False
968,732,36.55957010039668,2022-08-25,E,True
969,869,35.369668658073394,2022-08-26,E,True
970,41,30.247902916792658,2022-08-27,C,False
971,740,97.53732771464209,2022-08-28,E,True
972,704,17.011541730928148,2022-08-29,D,False
973,923,89.82380639532352,2022-08-30,E,True
974,502,77.68033321398879,2022-08-31,D,False
975,959,7.6479955499313075,2022-09-01,E,False
976,145,98.67291015008487,2022-09-02,E,False
977,201,27.136596353901055,2022-09-03,E,True
978,929,9.858292702241233,2022-09-04,B,True
979,724,82.93142341257594,2022-09-05,B,False
980,461,70.66755336776998,2022-09-06,E,True
981,732,61.72188058779008,2022-09-07,D,True
982,752,15.598086369893316,2022-09-08,C,False
983,925,47.84961162559619,2022-09-09,A,True
984,909,78.05560268872138,2022-09-10,B,True
985,558,30.362393814384024,2022-09-11,E,True
986,547,31.168982851504147,2022-09-12,A,True
987,253,0.3140906048122116,2022-09-13,B,True
988,390,17.424340164537956,2022-09-14,C,False
989,594,87.54056251218343,2022-09-15,D,True
990,883,44.17464916377071,2022-09-16,E,False
991,256,98.4234499234434,2022-09-17,C,False
992,709,39.57079635737926,2022-09-18,N,True
993,815,71.51864547802413,2022-09-19,E,False
994,921,28.191904290472912,2022-09-20,A,False
995,450,36.38096411409335,2022-09-21,N,False
996,10,19.072598759089466,2022-09-22,B,False
997,824,34.7062368499395,2022-09-23,D,False
998,798,54.72375204206431,2022-09-24,E,True
999,242,99.17728809792494,2022-09-25,C,False
1000,251,66.42017130717856,2022-09-26,D,False
1001,877,19.924595440831403,2022-09-27,A,False
1002,5,4.496144159155113,2022-09-28,B,True
1003,119,12.63564813145106,2022-09-29,A,True
1004,801,56.255520127304735,2022-09-30,D,False
1005,374,76.51603288167664,2022-10-01,C,False
1006,65,94.0419207300747,2022-10-02,C,False
1007,146,1.5823171996820817,2022-10-03,A,False
1008,224,52.27601415618698,2022-10-04,E,True
1009,239,47.086735622317676,2022-10-05,E,True
1010,177,65.6055021975704,2022-10-06,C,True
1011,779,55.95788544653419,2022-10-07,A,False
1012,853,68.70391505824806,2022-10-08,A,True
1013,282,65.80825847491903,2022-10-09,A,False
1014,63,11.70117248579462,2022-10-10,D,False
1015,217,79.97179136187196,2022-10-11,E,False
1016,854,12.323257571632485,2022-10-12,E,True
1017,827,69.85306252091371,2022-10-13,D,False
1018,795,41.614536764060674,2022-10-14,B,True
1019,689,51.38507345765979,2022-10-15,D,False
1020,461,90.32980143757105,2022-10-16,A,True
1021,929,88.98837264734865,2022-10-17,D,False
1022,610,81.78563056550296,2022-10-18,A,False
1023,105,51.014838045632324,2022-10-19,C,False
1024,99,73.62398101338331,2022-10-20,A,True
1025,511,51.289705551880935,2022-10-21,E,False
1026,385,86.96060824747775,2022-10-22,D,False
1027,405,40.27758332328999,2022-10-23,A,False
1028,823,97.02353444148768,2022-10-24,B,True
1029,518,93.23227582288776,2022-10-25,N,False
1030,476,74.16026194517855,2022-10-26,B,False
1031,977,27.9415884176072,2022-10-27,B,False
1032,709,13.16535887932584,2022-10-28,B,False
1033,863,85.47034500931974,2022-10-29,C,False
1034,645,,2022-10-30,C,False
1035,870,85.42607889973357,2022-10-31,C,True
1036,771,49.07650067123605,2022-11-01,C,False
1037,437,40.65567838081042,2022-11-02,B,True
1038,23,90.31907788344292,2022-11-03,E,False
1039,997,60.38509825402779,2022-11-04,E,True
1040,565,57.661400712971776,2022-11-05,C,True
1041,677,55.87659446243977,2022-11-06,D,True
1042,714,37.11695160195314,2022-11-07,A,False
1043,458,78.56431035291273,2022-11-08,D,False
1044,83,25.2798444015773,2022-11-09,D,True
1045,145,93.88949600412751,2022-11-10,D,False
1046,85,89.39852050469608,2022-11-11,E,False
1047,78,33.748032567489815,2022-11-12,A,True
1048,457,72.94637698316637,2022-11-13,D,True
1049,878,57.32231944495915,2022-11-14,C,True
1050,1,33.76493019992346,2022-11-15,E,True
1051,51,98.85216479954467,2022-11-16,C,False
1052,685,2.5237345848264203,2022-11-17,C,False
1053,717,,2022-11-18,D,False
1054,772,52.00740611111504,2022-11-19,C,False
1055,446,52.19530034785639,2022-11-20,A,False
1056,449,58.89330749455641,2022-11-21,C,False
1057,881,75.16761720229192,2022-11-22,D,True
1058,488,62.34778305192964,2022-11-23,C,False
1059,800,60.0281460528037,2022-11-24,E,False
1060,34,5.351446291304329,2022-11-25,E,False
1061,348,37.65302877892983,2022-11-26,E,True
1062,95,23.2055739701156,2022-11-27,B,True
1063,72,26.537011160197544,2022-11-28,E,False
1064,551,55.43374743403449,2022-11-29,E,True
1065,154,19.95053149296084,2022-11-30,N,True
1066,250,29.394910101689753,2022-12-01,E,False
1067,674,23.70847085173401,2022-12-02,D,False
1068,438,94.85029432181948,2022-12-03,E,False
1069,118,94.46657321710951,2022-12-04,E,True
1070,771,60.99415585960517,2022-12-05,B,True
1071,891,92.45224687318999,2022-12-06,D,False
1072,306,78.58126454683732,2022-12-07,C,True
1073,268,58.99478828018088,2022-12-08,A,True
1074,961,0.6435211496795712,2022-12-09,N,True
1075,54,77.2516286079404,2022-12-10,C,False
1076,236,70.24883415884689,2022-12-11,D,False
1077,389,61.5253653282414,2022-12-12,C,False
1078,990,76.04243116824718,2022-12-13,C,False
1079,734,51.29221647747657,2022-12-14,D,False
1080,763,70.4083271321339,2022-12-15,B,True
1081,825,93.51720867264933,2022-12-16,D,True
1082,401,37.580501584608626,2022-12-17,D,True
1083,624,70.81218349006254,2022-12-18,C,True
1084,767,47.568781801095874,2022-12-19,A,True
1085,303,67.43996518139815,2022-12-20,N,True
1086,919,76.28933355543641,2022-12-21,E,False
1087,207,4.545250043579596,2022-12-22,D,False
1088,229,,2022-12-23,D,True
1089,853,22.674118440694457,2022-12-24,B,False
1090,910,67.00325378075668,2022-12-25,C,True
1091,578,46.83301859338135,2022-12-26,B,True
1092,75,77.35527418648871,2022-12-27,D,False
1093,435,12.340081520559643,2022-12-28,C,False
1094,103,62.63223516561951,2022-12-29,C,True
1095,422,27.847072892755232,2022-12-30,E,False
1096,704,85.29819953305915,2022-12-31,E,True
1097,764,92.83835056363074,2023-01-01,N,True
1098,738,99.63982936790555,2023-01-02,E,True
1099,806,79.60074024272834,2023-01-03,C,True
1100,306,75.37340704280045,2023-01-04,E,True
1101,98,21.550075886755103,2023-01-05,A,False
1102,850,33.600705899010876,2023-01-06,D,True
1103,798,,2023-01-07,E,False
1104,335,77.33810477822497,2023-01-08,C,True
1105,859,91.49658650779686,2023-01-09,N,False
1106,435,18.91391000229846,2023-01-10,C,True
1107,447,92.23674846701029,2023-01-11,D,False
1108,994,69.5624652354058,2023-01-12,C,True
1109,308,61.077073068503864,2023-01-13,E,True
1110,249,19.98412712819395,2023-01-14,E,False
1111,166,5.552503280915055,2023-01-15,A,False
1112,481,56.84648985079399,2023-01-16,D,False
1113,984,65.15156833288924,2023-01-17,A,False
1114,335,21.078144935468824,2023-01-18,B,False
1115,542,55.64562058254564,2023-01-19,E,False
1116,759,85.64934027625736,2023-01-20,D,True
1117,106,83.506594545502,2023-01-21,A,True
1118,563,92.73551805862972,2023-01-22,A,True
1119,81,36.588580955688045,2023-01-23,B,False
1120,133,31.80495725509187,2023-01-24,A,False
1121,797,74.94260059808087,2023-01-25,C,False
1122,900,43.1112405097005,2023-01-26,E,True
1123,138,,2023-01-27,N,False
1124,184,28.28011306704997,2023-01-28,A,True
1125,401,41.85822855314891,2023-01-29,B,False
1126,330,29.251642547625202,2023-01-30,C,False
1127,785,33.220557094732165,2023-01-31,A,False
1128,508,29.377590617439076,2023-02-01,E,True
1129,852,4.149916718307944,2023-02-02,E,False
1130,984,63.709470082444255,2023-02-03,A,True
1131,69,59.72924203534693,2023-02-04,C,False
1132,546,65.33834984786806,2023-02-05,E,False
1133,774,19.230989603362747,2023-02-06,E,False
1134,53,29.565454161248528,2023-02-07,C,False
1135,450,61.96159269449223,2023-02-08,C,True
1136,205,59.96275684599214,2023-02-09,A,False
1137,126,50.63303093542678,2023-02-10,D,True
1138,747,35.04132500101974,2023-02-11,B,False
1139,43,91.293100477469,2023-02-12,D,False
1140,752,33.97702422988438,2023-02-13,D,False
1141,971,45.56191564372516,2023-02-14,E,True
1142,883,67.81138309542088,2023-02-15,C,False
1143,111,54.302143086676416,2023-02-16,E,True
1144,761,34.68859763643856,2023-02-17,B,True
1145,663,43.564479045650984,2023-02-18,A,False
1146,183,,2023-02-19,B,True
1147,848,,2023-02-20,E,False
1148,95,14.225523977681542,2023-02-21,E,True
1149,971,31.31632018297771,2023-02-22,E,True
1150,374,84.95342154879013,2023-02-23,N,True
1151,912,8.898971485634666,2023-02-24,D,True
1152,520,99.16960733724518,2023-02-25,A,False
1153,900,54.10028989276625,2023-02-26,D,True
1154,360,98.4845743967094,2023-02-27,E,False
1155,900,93.89964220859775,2023-02-28,C,True
1156,696,45.28137142109168,2023-03-01,D,False
1157,281,19.84910746053491,2023-03-02,E,False
1158,195,16.488477656513844,2023-03-03,E,True
1159,864,23.99893638699575,2023-03-04,A,True
1160,195,71.01326405645374,2023-03-05,B,False
1161,667,27.294999473148785,2023-03-06,D,True
1162,93,34.142526960429834,2023-03-07,D,True
1163,672,44.877880399461475,2023-03-08,D,True
1164,946,91.32326804214563,2023-03-09,E,True
1165,61,18.939341788484608,2023-03-10,A,True
1166,634,0.5026552609803114,2023-03-11,E,True
1167,51,6.0096410378170155,2023-03-12,E,True
1168,403,90.4766341680118,2023-03-13,C,True
1169,789,64.7516464843363,2023-03-14,A,True
1170,5,27.304061932780677,2023-03-15,N,False
1171,466,17.719250101119112,2023-03-16,B,True
1172,604,29.426673663711433,2023-03-17,D,True
1173,682,11.479692725128011,2023-03-18,E,True
1174,829,94.1532910284441,2023-03-19,A,True
1175,534,78.42061743652668,2023-03-20,A,True
1176,405,46.23911769125407,2023-03-21,A,False
1177,838,86.49626051152019,2023-03-22,C,False
1178,513,24.945820429323227,2023-03-23,D,True
1179,645,71.71205684721936,2023-03-24,C,False
1180,233,85.61324990137435,2023-03-25,B,True
1181,524,35.67687116232726,2023-03-26,E,True
1182,346,75.74644454507177,2023-03-27,C,False
1183,46,29.507234926430936,2023-03-28,C,False
1184,546,29.88571352590308,2023-03-29,E,False
1185,945,10.705717855418605,2023-03-30,A,False
1186,78,44.00580465093987,2023-03-31,E,False
1187,730,72.97119064974223,2023-04-01,D,True
1188,813,94.02208055712849,2023-04-02,E,True
1189,923,60.379699192909605,2023-04-03,A,True
1190,73,86.3135537735739,2023-04-04,E,False
1191,794,82.24946492902271,2023-04-05,C,True
1192,249,17.334305297528086,2023-04-06,N,False
1193,47,48.58174289126315,2023-04-07,C,True
1194,121,11.692353552539148,2023-04-08,B,False
1195,214,68.2153161561635,2023-04-09,E,False
1196,239,94.98996682460759,2023-04-10,D,True
1197,56,13.70894580787565,2023-04-11,E,True
1198,350,73.38831308025414,2023-04-12,A,True
1199,107,63.2238150867861,2023-04-13,E,True
1200,831,58.36050370080997,2023-04-14,B,False
1201,48,39.012023468833924,2023-04-15,C,True
1202,573,35.513164775381256,2023-04-16,D,False
1203,337,,2023-04-17,E,True
1204,26,21.790870825201345,2023-04-18,E,True
1205,804,1.5176882286826898,2023-04-19,C,True
1206,257,58.14171055820205,2023-04-20,D,True
1207,8,10.585323587790885,2023-04-21,N,True
1208,625,87.30193940297161,2023-04-22,E,False
1209,867,52.314302069716526,2023-04-23,B,True
1210,253,69.96899090587084,2023-04-24,B,False
1211,692,41.08570918404965,2023-04-25,N,True
1212,719,56.057980900104866,2023-04-26,C,False
1213,303,,2023-04-27,D,True
1214,639,8.273403962367077,2023-04-28,E,True
1215,56,25.393777192369615,2023-04-29,E,True
1216,726,77.99883269105443,2023-04-30,A,False
1217,526,9.873720688266586,2023-05-01,E,False
1218,474,7.566110390411085,2023-05-02,C,True
1219,28,36.15413987540386,2023-05-03,A,True
1220,983,9.216795847243231,2023-05-04,C,True
1221,78,58.507844220620306,2023-05-05,A,False
1222,216,22.627525081659982,2023-05-06,E,True
1223,386,89.56979631993724,2023-05-07,A,False
1224,365,78.35000808452567,2023-05-08,B,True
1225,666,69.97052060994761,2023-05-09,D,False
1226,526,61.694402738450194,2023-05-10,E,False
1227,699,86.34657303414633,2023-05-11,D,False
1228,312,22.30620615427569,2023-05-12,E,True
1229,883,87.31088427642277,2023-05-13,D,False
1230,7,78.94922984240523,2023-05-14,B,True
1231,3,74.81608263876855,2023-05-15,D,False
1232,623,56.1255678074924,2023-05-16,A,True
1233,919,24.62441609706001,2023-05-17,D,False
1234,750,42.35479159918963,2023-05-18,E,False
1235,363,79.35706545388015,2023-05-19,C,True
1236,751,3.1778484357324444,2023-05-20,D,True
1237,508,78.20507692637582,2023-05-21,D,False
1238,274,24.00707404875665,2023-05-22,D,False
1239,506,14.430920072160303,2023-05-23,E,True
1240,806,11.570131818030216,2023-05-24,D,False
1241,739,2.725001195081511,2023-05-25,E,False
1242,883,52.35864852214529,2023-05-26,E,True
1243,15,21.82598726937295,2023-05-27,C,True
1244,192,98.94317657796316,2023-05-28,A,False
1245,985,57.443675587220575,2023-05-29,E,False
1246,631,13.788526935601041,2023-05-30,B,False
1247,485,68.87625408113654,2023-05-31,N,False
1248,28,89.77435665097254,2023-06-01,B,True
1249,714,74.51794953696144,2023-06-02,D,False
1250,39,7.6439861039447665,2023-06-03,C,True
1251,953,89.58841811926595,2023-06-04,E,True
1252,273,79.39293858599648,2023-06-05,A,False
1253,231,15.830390010561434,2023-06-06,N,True
1254,86,5.1785888732816865,2023-06-07,N,False
1255,474,55.73105753143085,2023-06-08,N,True
1256,126,15.60358113399769,2023-06-09,E,True
1257,812,83.4590952595272,2023-06-10,A,True
1258,537,35.833465667167374,2023-06-11,D,False
1259,145,91.28924447365753,2023-06-12,C,True
1260,525,,2023-06-13,C,False
1261,212,18.267238423966813,2023-06-14,E,True
1262,25,13.95988673598001,2023-06-15,B,True
1263,580,57.64724375577539,2023-06-16,D,True
1264,394,76.18836118624439,2023-06-17,E,False
1265,67,78.15056477421821,2023-06-18,E,False
1266,233,27.575740444128126,2023-06-19,C,False
1267,109,20.424675891216747,2023-06-20,A,False
1268,146,1.6756304492382412,2023-06-21,D,False
1269,111,67.91991512011694,2023-06-22,A,True
1270,228,7.656825843353898,2023-06-23,D,True
1271,111,42.07612017659258,2023-06-24,B,False
1272,470,60.16821640182961,2023-06-25,C,False
1273,34,93.71089449196771,2023-06-26,B,False
1274,623,31.180213695576864,2023-06-27,N,False
1275,776,24.977216244651977,2023-06-28,N,True
1276,936,65.41601542860984,2023-06-29,E,False
1277,369,61.923903205358165,2023-06-30,B,False
1278,748,33.21097833081246,2023-07-01,D,False
1279,595,92.81018355097865,2023-07-02,E,False
1280,554,84.48623274896327,2023-07-03,A,True
1281,425,22.398254586508116,2023-07-04,D,True
1282,613,23.91425454345232,2023-07-05,D,False
1283,518,51.23003468870806,2023-07-06,B,True
1284,692,77.35721017307203,2023-07-07,B,True
1285,282,4.4040379388464395,2023-07-08,C,False
1286,320,69.33351537347066,2023-07-09,C,False
1287,738,64.82358973820969,2023-07-10,A,True
1288,443,23.148009591298823,2023-07-11,D,True
1289,952,68.13530132413487,2023-07-12,A,True
1290,315,94.01831912520827,2023-07-13,A,True
1291,877,4.6785844971768515,2023-07-14,B,True
1292,966,31.96520552920625,2023-07-15,A,False
1293,741,43.817671666635526,2023-07-16,A,True
1294,377,89.92603589246896,2023-07-17,E,False
1295,289,96.22614466091566,2023-07-18,C,True
1296,437,44.41152464963323,2023-07-19,C,True
1297,662,75.00284121421912,2023-07-20,N,True
1298,277,53.1661023764483,2023-07-21,C,True
1299,710,53.77829347413765,2023-07-22,D,True
1300,582,27.809951506635645,2023-07-23,E,True
1301,503,21.69562458638795,2023-07-24,C,False
1302,624,28.800534592404116,2023-07-25,E,False
1303,516,55.63280072570793,2023-07-26,C,True
1304,350,2.9155186022088997,2023-07-27,C,False
1305,843,90.72489443564058,2023-07-28,E,False
1306,446,15.628370954977623,2023-07-29,A,False
1307,830,22.008867687138654,2023-07-30,A,False
1308,350,51.827617644764636,2023-07-31,A,False
1309,607,71.01147663372794,2023-08-01,A,False
1310,664,9.57290547443973,2023-08-02,C,True
1311,823,31.76946975471622,2023-08-03,B,True
1312,137,96.86746055743572,2023-08-04,E,False
1313,759,26.23429667809457,2023-08-05,B,True
1314,899,31.305014506314688,2023-08-06,B,False
1315,243,83.64984906180335,2023-08-07,D,True
1316,543,5.021443169045526,2023-08-08,A,True
1317,40,46.46131688089709,2023-08-09,C,True
1318,229,37.96167644516702,2023-08-10,A,False
1319,548,31.658675990865113,2023-08-11,A,True
1320,920,28.569959404476453,2023-08-12,B,True
1321,223,9.13741048604092,2023-08-13,D,False
1322,6,31.48258293516488,2023-08-14,A,False
1323,322,4.305240271566857,2023-08-15,E,True
1324,468,78.09638636444353,2023-08-16,E,False
1325,732,39.82277939580116,2023-08-17,A,True
1326,75,44.39038323199116,2023-08-18,B,True
1327,4,89.35945864501316,2023-08-19,B,False
1328,847,65.80549838612207,2023-08-20,C,False
1329,646,0.8059103342119789,2023-08-21,D,True
1330,118,94.3174822961285,2023-08-22,B,False
1331,881,23.714446597771122,2023-08-23,N,True
1332,606,10.761418475985884,2023-08-24,E,False
1333,504,76.81281783808822,2023-08-25,E,False
1334,998,50.047731586671816,2023-08-26,E,False
1335,947,43.377056601801755,2023-08-27,A,False
1336,574,,2023-08-28,D,False
1337,441,54.74714898623186,2023-08-29,C,True
1338,194,27.438460520258744,2023-08-30,D,True
1339,847,90.15830052870676,2023-08-31,A,True
1340,715,21.52044797331928,2023-09-01,C,False
1341,392,88.43551504557536,2023-09-02,C,True
1342,26,55.940542572735694,2023-09-03,B,True
1343,435,82.8488133895241,2023-09-04,D,False
1344,173,71.2845995860955,2023-09-05,D,False
1345,300,69.66951114367485,2023-09-06,B,False
1346,645,32.43458076950557,2023-09-07,E,True
1347,326,23.38969314722035,2023-09-08,A,True
1348,410,21.088622768078814,2023-09-09,D,False
1349,118,85.71916570595887,2023-09-10,B,True
1350,836,82.042682025902,2023-09-11,C,True
1351,787,44.057352801230735,2023-09-12,B,False
1352,724,13.24046134964546,2023-09-13,E,True
1353,225,38.225225197745836,2023-09-14,A,False
1354,532,61.93434541369114,2023-09-15,E,False
1355,113,45.44031544799528,2023-09-16,C,False
1356,140,78.0189268482995,2023-09-17,C,True
1357,559,99.76228222513855,2023-09-18,N,True
1358,1,19.113208844889684,2023-09-19,C,False
1359,90,45.965081965957246,2023-09-20,B,False
1360,654,43.098390192082206,2023-09-21,C,False
1361,320,30.44925327489508,2023-09-22,C,False
1362,550,19.80955167202896,2023-09-23,B,True
1363,805,6.569211648965922,2023-09-24,C,False
1364,894,88.71193172236984,2023-09-25,E,False
1365,139,,2023-09-26,E,False
1366,511,49.68955185000489,2023-09-27,D,False
1367,868,91.69420482009158,2023-09-28,E,False
1368,845,77.62904775159478,2023-09-29,A,True
1369,259,13.050126411718422,2023-09-30,A,False
1370,673,56.54199676077424,2023-10-01,A,False
1371,902,44.22522765195591,2023-10-02,B,False
1372,690,79.72110725787628,2023-10-03,E,True
1373,10,,2023-10-04,A,True
1374,261,69.0405721911072,2023-10-05,D,True
1375,919,,2023-10-06,B,False
1376,650,80.49637303992544,2023-10-07,D,False
1377,172,5.239129559486122,2023-10-08,E,True
1378,898,15.962490143216723,2023-10-09,C,True
1379,13,33.56232729779117,2023-10-10,D,False
1380,168,7.6807441069281275,2023-10-11,C,False
1381,642,23.49942775346916,2023-10-12,B,False
1382,596,83.01509829979182,2023-10-13,D,True
1383,321,94.82515377900793,2023-10-14,D,False
1384,319,30.46023557741905,2023-10-15,B,False
1385,613,26.451580398883824,2023-10-16,B,True
1386,329,27.98926522464269,2023-10-17,A,True
1387,785,27.771908735084384,2023-10-18,E,True
1388,777,3.593018218597299,2023-10-19,D,False
1389,971,92.69163463311081,2023-10-20,D,True
1390,911,21.36981415703284,2023-10-21,B,True
1391,920,42.0004074081405,2023-10-22,N,False
1392,550,0.9686882740967739,2023-10-23,E,False
1393,419,85.79550909150572,2023-10-24,B,True
1394,606,73.11573444549173,2023-10-25,C,False
1395,95,94.67560351737032,2023-10-26,C,True
1396,817,78.1615479196399,2023-10-27,C,False
1397,581,31.370651205206524,2023-10-28,C,False
1398,318,24.787335872842363,2023-10-29,E,True
1399,956,69.7716307553293,2023-10-30,D,False
1400,236,36.411277501049945,2023-10-31,C,True
1401,946,56.621501575261654,2023-11-01,B,False
1402,334,0.6257471026470229,2023-11-02,C,True
1403,885,6.188570168047525,2023-11-03,E,False
1404,376,53.53679411816512,2023-11-04,B,False
1405,459,56.60716464481651,2023-11-05,C,True
1406,137,75.14529444593437,2023-11-06,D,False
1407,930,13.196531962396174,2023-11-07,B,False
1408,588,51.31830837567788,2023-11-08,B,True
1409,995,19.44476444316886,2023-11-09,D,False
1410,547,9.319611956269469,2023-11-10,B,False
1411,513,,2023-11-11,C,True
1412,296,16.333664808905723,2023-11-12,B,True
1413,320,22.17819781923186,2023-11-13,C,False
1414,918,31.755457986950177,2023-11-14,D,False
1415,572,25.938840074319625,2023-11-15,A,False
1416,832,8.75912974059464,2023-11-16,D,False
1417,349,8.99162448597023,2023-11-17,C,True
1418,840,19.32494152341682,2023-11-18,E,False
1419,779,5.055918795953895,2023-11-19,D,False
1420,873,62.645701967692716,2023-11-20,E,False
1421,229,28.732671650890197,2023-11-21,E,False
1422,270,27.974596776907102,2023-11-22,C,True
1423,828,33.199829423776514,2023-11-23,C,False
1424,798,66.27962742097216,2023-11-24,A,True
1425,291,87.06338814834905,2023-11-25,B,True
1426,725,75.90869325556385,2023-11-26,D,True
1427,165,72.75292302250949,2023-11-27,C,True
1428,5,48.43911856008493,2023-11-28,D,True
1429,851,69.38055569674117,2023-11-29,E,False
1430,379,55.276236803358316,2023-11-30,B,True
1431,78,21.62505281865289,2023-12-01,A,True
1432,410,20.85883677410507,2023-12-02,D,True
1433,574,29.639200687528344,2023-12-03,N,False
1434,132,91.08026709698133,2023-12-04,N,True
1435,601,,2023-12-05,D,False
1436,749,73.39053770018694,2023-12-06,B,True
1437,42,34.65587598165476,2023-12-07,C,True
1438,89,40.771577066522525,2023-12-08,D,False
1439,402,12.556557863725137,2023-12-09,B,False
1440,296,17.129495782167037,2023-12-10,A,False
1441,840,82.73565548261456,2023-12-11,N,True
1442,295,58.483863168888206,2023-12-12,C,False
1443,616,33.75324658838189,2023-12-13,D,False
1444,526,80.2851208995546,2023-12-14,N,False
1445,800,24.6519905637983,2023-12-15,D,False
1446,691,97.60326986002038,2023-12-16,C,False
1447,637,34.48176077461697,2023-12-17,A,True
1448,422,33.73109541512276,2023-12-18,D,False
1449,865,31.191190553670523,2023-12-19,A,False
1450,23,12.211151592428793,2023-12-20,B,False
1451,575,11.113714733201242,2023-12-21,A,False
1452,143,64.81050345341234,2023-12-22,A,True
1453,993,87.5118044558047,2023-12-23,D,True
1454,665,79.05205102716735,2023-12-24,E,True
1455,145,14.110759402135109,2023-12-25,E,True
1456,225,54.55821217920664,2023-12-26,C,False
1457,503,10.559154597664,2023-12-27,C,True
1458,962,4.5294643613077445,2023-12-28,E,False
1459,974,65.63858593847672,2023-12-29,B,False
1460,821,53.515233368035034,2023-12-30,D,False
1461,616,,2023-12-31,D,True
1462,104,3.4939246405988444,2024-01-01,B,True
1463,947,98.97564134093346,2024-01-02,B,True
1464,39,,2024-01-03,E,False
1465,947,44.45282530501596,2024-01-04,C,True
1466,198,50.46190246076956,2024-01-05,B,True
1467,646,11.728014780044504,2024-01-06,C,False
1468,579,16.906177843971626,2024-01-07,A,True
1469,391,35.18050064103525,2024-01-08,D,False
1470,179,76.16758762136627,2024-01-09,E,True
1471,968,50.70824240602667,2024-01-10,D,True
1472,554,,2024-01-11,E,True
1473,448,98.51745550906747,2024-01-12,A,True
1474,500,76.80054353132097,2024-01-13,D,True
1475,15,43.43614981412177,2024-01-14,A,False
1476,623,44.64419217965487,2024-01-15,E,True
1477,669,61.8772077041005,2024-01-16,B,True
1478,289,66.53652084189044,2024-01-17,D,True
1479,478,50.07109258366713,2024-01-18,A,True
1480,231,64.486122281498,2024-01-19,D,True
1481,923,2.353249441409877,2024-01-20,D,True
1482,420,42.962286389684415,2024-01-21,D,True
1483,157,27.893807607347675,2024-01-22,C,False
1484,550,,2024-01-23,A,False
1485,441,9.954651280877513,2024-01-24,A,True
1486,97,60.319216561466746,2024-01-25,D,False
1487,997,52.36005471526117,2024-01-26,B,True
1488,411,25.358411699636918,2024-01-27,D,False
1489,951,47.09500587725145,2024-01-28,C,True
1490,289,49.22323151824083,2024-01-29,E,True
1491,254,19.500898043861582,2024-01-30,C,False
1492,196,65.20930618816506,2024-01-31,B,True
1493,598,78.09193563860904,2024-02-01,D,False
1494,834,,2024-02-02,A,True
1495,522,60.24698307034551,2024-02-03,D,True
1496,517,,2024-02-04,B,True
1497,635,6.100714300539489,2024-02-05,A,True
1498,842,28.783129885160584,2024-02-06,C,False
1499,865,9.327144677816989,2024-02-07,E,True
1500,118,,2024-02-08,E,False
1501,806,13.50801462257607,2024-02-09,D,False
1502,909,15.177540985110205,2024-02-10,C,True
1503,159,88.95766183304922,2024-02-11,B,True
1504,815,94.39282834764579,2024-02-12,E,False
1505,228,76.58290392349099,2024-02-13,C,False
1506,877,0.540492367266987,2024-02-14,D,True
1507,216,0.13462709565637,2024-02-15,A,False
1508,948,37.81007697874508,2024-02-16,D,False
1509,696,14.339537001089253,2024-02-17,D,False
1510,15,,2024-02-18,C,True
1511,157,46.406668940450466,2024-02-19,E,False
1512,648,94.30618974069715,2024-02-20,C,False
1513,261,32.38195749024314,2024-02-21,A,False
1514,157,66.11406784286964,2024-02-22,C,False
1515,47,65.22353531324407,2024-02-23,B,True
1516,324,25.108010366516776,2024-02-24,D,True
1517,844,65.04252488238643,2024-02-25,N,False
1518,685,21.233397428689127,2024-02-26,A,False
1519,130,12.200741357688905,2024-02-27,N,False
1520,411,70.13832855596901,2024-02-28,C,True
1521,95,11.344081710391674,2024-02-29,B,True
1522,627,99.69092185893554,2024-03-01,N,False
1523,755,18.345240115022932,2024-03-02,D,False
1524,932,59.414186275645754,2024-03-03,A,True
1525,292,41.137457141258935,2024-03-04,E,False
1526,794,12.63864224056671,2024-03-05,D,False
1527,811,2.7843907577413396,2024-03-06,A,True
1528,283,62.273228229283326,2024-03-07,D,True
1529,69,80.67575637891261,2024-03-08,B,True
1530,660,,2024-03-09,C,True
1531,11,48.271347307693446,2024-03-10,E,True
1532,254,77.74554671823856,2024-03-11,A,False
1533,842,67.28471334885448,2024-03-12,N,True
1534,872,72.42545274991332,2024-03-13,E,True
1535,550,49.25990052218141,2024-03-14,E,True
1536,134,63.34117402421271,2024-03-15,A,True
1537,712,80.55259135760569,2024-03-16,A,True
1538,23,39.7884175557023,2024-03-17,E,True
1539,815,80.59789008675837,2024-03-18,C,False
1540,346,59.201684278906285,2024-03-19,D,True
1541,302,,2024-03-20,E,False
1542,363,2.4684157224584613,2024-03-21,B,False
1543,396,36.275360039915206,2024-03-22,E,True
1544,218,54.66963282963398,2024-03-23,A,True
1545,141,83.98203522034883,2024-03-24,D,False
1546,616,12.74856801402462,2024-03-25,B,False
1547,958,,2024-03-26,D,False
1548,210,86.3009046067227,2024-03-27,D,True
1549,985,15.068748700083379,2024-03-28,B,False
1550,993,85.1594319304219,2024-03-29,E,True
1551,623,99.1453567842792,2024-03-30,E,True
1552,616,72.68388310482375,2024-03-31,E,False
1553,828,78.4769681824988,2024-04-01,C,True
1554,683,99.44152675588734,2024-04-02,E,True
1555,460,60.548125052594536,2024-04-03,B,False
1556,356,30.78863820162494,2024-04-04,C,False
1557,324,83.75308340760557,2024-04-05,E,True
1558,133,61.44857775116313,2024-04-06,C,False
1559,888,58.11954237209566,2024-04-07,B,True
1560,805,25.363555551403827,2024-04-08,E,False
1561,840,75.63342695828867,2024-04-09,A,False
1562,127,,2024-04-10,B,False
1563,106,,2024-04-11,D,False
1564,604,32.58234607704848,2024-04-12,D,True
1565,799,12.777465278999045,2024-04-13,B,False
1566,378,44.23665331024188,2024-04-14,N,True
1567,905,4.246990925653316,2024-04-15,B,True
1568,51,68.46261942649663,2024-04-16,A,False
1569,29,90.27055104453562,2024-04-17,B,False
1570,462,83.72630071385088,2024-04-18,E,False
1571,296,12.736947344788108,2024-04-19,E,False
1572,297,12.627113710773186,2024-04-20,N,False
1573,726,81.34344823242641,2024-04-21,D,True
1574,779,92.4254274603116,2024-04-22,D,False
1575,407,46.066982983348915,2024-04-23,B,True
1576,769,49.897111691376594,2024-04-24,D,True
1577,814,31.82620413857259,2024-04-25,E,False
1578,613,89.4265118256414,2024-04-26,A,True
1579,405,64.4902905292356,2024-04-27,B,False
1580,346,28.82515771673685,2024-04-28,D,False
1581,622,29.878287105425162,2024-04-29,E,True
1582,420,89.12000730636024,2024-04-30,C,True
1583,182,1.3634023905821469,2024-05-01,D,False
1584,983,32.27265727266384,2024-05-02,A,True
1585,825,55.43566812163691,2024-05-03,A,False
1586,1,,2024-05-04,D,True
1587,831,9.20987541995898,2024-05-05,D,False
1588,950,81.527633109056,2024-05-06,E,True
1589,567,89.44043886485072,2024-05-07,D,True
1590,371,82.36064207981894,2024-05-08,N,True
1591,936,89.87878897373477,2024-05-09,E,False
1592,911,55.31119710583715,2024-05-10,B,False
1593,661,81.22581209903419,2024-05-11,C,False
1594,431,38.404263839110044,2024-05-12,E,True
1595,969,66.62678614790384,2024-05-13,E,True
1596,309,98.88355313891644,2024-05-14,A,True
1597,137,22.572772383912742,2024-05-15,E,True
1598,202,38.98997462910806,2024-05-16,C,True
1599,436,48.00473773100856,2024-05-17,D,True
1600,313,,2024-05-18,C,False
1601,117,8.103861046505678,2024-05-19,B,False
1602,666,82.97228663216244,2024-05-20,E,False
1603,937,97.67943728275861,2024-05-21,E,True
1604,803,40.47250638296587,2024-05-22,E,False
1605,575,8.764983619465328,2024-05-23,E,True
1606,244,6.581176069057648,2024-05-24,A,True
1607,537,89.13182063602987,2024-05-25,A,False
1608,602,46.381424972767995,2024-05-26,D,True
1609,75,32.00273165623919,2024-05-27,E,True
1610,806,47.646127123939955,2024-05-28,B,True
1611,386,31.830409469234734,2024-05-29,D,True
1612,903,48.903577530762,2024-05-30,E,True
1613,210,85.95563969179368,2024-05-31,A,False
1614,475,59.23013710620957,2024-06-01,B,False
1615,418,69.46537728101754,2024-06-02,D,True
1616,347,36.46706762343366,2024-06-03,N,True
1617,529,73.85058785105187,2024-06-04,E,False
1618,640,66.66170848793723,2024-06-05,C,False
1619,939,11.956199775205645,2024-06-06,B,False
1620,955,57.26428531155846,2024-06-07,B,True
1621,876,25.6743496309758,2024-06-08,A,False
1622,763,80.40956696335928,2024-06-09,E,False
1623,179,42.59377084669394,2024-06-10,B,True
1624,182,99.46841651964871,2024-06-11,E,False
1625,664,9.250043793896378,2024-06-12,A,False
1626,25,78.03478627401586,2024-06-13,E,True
1627,967,67.37017335421565,2024-06-14,A,False
1628,180,76.74988305907054,2024-06-15,A,False
1629,710,30.752979549045634,2024-06-16,D,True
1630,501,49.20544893824006,2024-06-17,E,True
1631,856,79.65085197237084,2024-06-18,C,False
1632,161,23.2541331620855,2024-06-19,D,True
1633,177,22.60331967886521,2024-06-20,N,True
1634,285,55.10509532949324,2024-06-21,C,True
1635,63,52.356357952985576,2024-06-22,B,True
1636,662,28.226247041293284,2024-06-23,B,True
1637,666,29.807565052482275,2024-06-24,D,True
1638,156,27.78451632065655,2024-06-25,C,True
1639,882,77.15120619984876,2024-06-26,E,False
1640,469,65.19008655624606,2024-06-27,C,True
1641,49,83.24171834102528,2024-06-28,D,False
1642,967,97.54730283140218,2024-06-29,E,True
1643,849,47.41642962719864,2024-06-30,E,False
1644,84,6.669388140544886,2024-07-01,B,True
1645,361,4.809231041203543,2024-07-02,C,False
1646,689,29.566503927161914,2024-07-03,E,True
1647,148,93.25445893524508,2024-07-04,D,False
1648,630,52.32130549708749,2024-07-05,B,True
1649,342,27.178651608012917,2024-07-06,E,True
1650,476,39.916679451101956,2024-07-07,C,False
1651,63,,2024-07-08,B,False
1652,701,65.29496581378422,2024-07-09,C,True
1653,360,15.391950978290502,2024-07-10,C,False
1654,561,97.7031676545176,2024-07-11,C,False
1655,327,54.47722269827888,2024-07-12,B,True
1656,769,13.56883177922793,2024-07-13,E,False
1657,736,,2024-07-14,A,True
1658,141,7.46384310794288,2024-07-15,E,False
1659,990,90.77354331775128,2024-07-16,B,True
1660,215,99.65656562889824,2024-07-17,A,False
1661,435,70.04317991565038,2024-07-18,A,True
1662,891,77.04472210739898,2024-07-19,A,True
1663,952,33.73028364674864,2024-07-20,D,False
1664,723,94.15768527339338,2024-07-21,B,False
1665,318,,2024-07-22,D,True
1666,32,73.23884465975549,2024-07-23,A,True
1667,670,92.41077159112795,2024-07-24,D,False
1668,285,97.51799759755083,2024-07-25,D,False
1669,305,83.32043565966744,2024-07-26,B,False
1670,429,30.301750698203,2024-07-27,C,False
1671,477,96.65475165520824,2024-07-28,D,False
1672,286,62.81195312435718,2024-07-29,D,False
1673,144,93.06424763519598,2024-07-30,A,True
1674,424,67.61050258143518,2024-07-31,A,False
1675,19,30.723896184772048,2024-08-01,A,False
1676,18,37.00245241428159,2024-08-02,E,False
1677,769,55.04717771029405,2024-08-03,D,False
1678,590,79.0014841559882,2024-08-04,A,True
1679,371,31.798255134033493,2024-08-05,B,True
1680,175,57.97311661341921,2024-08-06,E,False
1681,194,34.56249935764015,2024-08-07,C,True
1682,502,81.57694046351071,2024-08-08,D,False
1683,988,46.672809376795044,2024-08-09,D,True
1684,113,7.672282685288523,2024-08-10,B,False
1685,114,16.60525214815364,2024-08-11,C,False
1686,222,6.110466761963229,2024-08-12,C,True
1687,678,49.93029460143252,2024-08-13,E,True
1688,947,10.633729734822717,2024-08-14,D,False
1689,831,11.413996930963211,2024-08-15,A,True
1690,644,94.1048260038377,2024-08-16,B,True
1691,897,87.26550721760555,2024-08-17,B,False
1692,264,45.208659681136595,2024-08-18,B,False
1693,925,98.58053208502058,2024-08-19,B,False
1694,55,0.01865281706631139,2024-08-20,A,False
1695,871,61.39794562733938,2024-08-21,A,False
1696,643,61.642817737187,2024-08-22,E,True
1697,800,45.74430558698882,2024-08-23,D,False
1698,778,39.69479729342928,2024-08-24,A,False
1699,458,45.53831354806076,2024-08-25,E,False
1700,979,41.49604360796805,2024-08-26,C,True
1701,878,73.04924774822994,2024-08-27,D,False
1702,162,13.535543497328407,2024-08-28,A,False
1703,380,19.763922059113014,2024-08-29,C,True
1704,993,18.05182283924236,2024-08-30,E,False
1705,87,26.247058512126454,2024-08-31,A,False
1706,55,52.52584187815833,2024-09-01,A,False
1707,476,11.120874733821873,2024-09-02,C,True
1708,800,86.8169295326504,2024-09-03,A,True
1709,178,29.73615313084723,2024-09-04,B,False
1710,391,16.253798746870785,2024-09-05,A,False
1711,349,67.56213095982433,2024-09-06,D,False
1712,8,3.808630059931928,2024-09-07,C,True
1713,833,61.996856487416416,2024-09-08,D,True
1714,313,69.81984306764998,2024-09-09,E,True
1715,759,21.491653138671918,2024-09-10,D,True
1716,835,4.196407344363429,2024-09-11,B,True
1717,984,36.36453589194496,2024-09-12,B,True
1718,983,9.859423024193648,2024-09-13,D,False
1719,443,11.647784967333708,2024-09-14,E,True
1720,767,25.426123144486457,2024-09-15,A,False
1721,328,29.54679246267593,2024-09-16,B,True
1722,54,52.99703410214206,2024-09-17,N,False
1723,761,67.83918855030132,2024-09-18,D,True
1724,239,59.277094087018476,2024-09-19,D,False
1725,229,14.83603372895168,2024-09-20,A,False
1726,579,,2024-09-21,C,False
1727,51,87.87692497929145,2024-09-22,E,True
1728,609,55.83523150641136,2024-09-23,C,False
1729,604,86.9937832897689,2024-09-24,E,True
1730,264,37.154651131987436,2024-09-25,E,False
1731,418,61.44000074313239,2024-09-26,D,False
1732,803,52.36634160546107,2024-09-27,B,False
1733,96,31.912348982046257,2024-09-28,D,True
1734,88,46.991537203359535,2024-09-29,A,True
1735,78,50.24908768269321,2024-09-30,E,False
1736,288,20.07709747566786,2024-10-01,B,True
1737,120,31.501037237673156,2024-10-02,E,True
1738,814,79.14097505069756,2024-10-03,E,True
1739,491,91.57882394541271,2024-10-04,D,True
1740,912,35.97940935452995,2024-10-05,B,False
1741,452,30.697228220901817,2024-10-06,B,True
1742,500,19.519716457188252,2024-10-07,E,True
1743,165,67.84911686505812,2024-10-08,B,False
1744,182,32.309970166633725,2024-10-09,N,False
1745,469,98.77495390991885,2024-10-10,D,True
1746,910,32.56848020639532,2024-10-11,C,True
1747,735,39.413604678262814,2024-10-12,A,True
1748,823,60.333419621203475,2024-10-13,C,True
1749,944,80.1684293191305,2024-10-14,B,False
1750,978,46.95186653456337,2024-10-15,E,False
1751,7,42.26560337889583,2024-10-16,A,False
1752,330,99.56378335948082,2024-10-17,N,True
1753,775,1.0493641139944443,2024-10-18,E,True
1754,673,89.50652888512458,2024-10-19,A,False
1755,151,14.914082593973744,2024-10-20,E,False
1756,85,78.59252762089135,2024-10-21,A,False
1757,147,61.7931559846298,2024-10-22,C,False
1758,624,34.18472854980921,2024-10-23,A,False
1759,381,87.38749555210184,2024-10-24,D,False
1760,915,1.2907227980991975,2024-10-25,E,False
1761,548,22.669065207492366,2024-10-26,N,False
1762,285,56.689279624953606,2024-10-27,E,False
1763,700,35.1542260049698,2024-10-28,D,True
1764,82,61.037749531832766,2024-10-29,A,False
1765,514,2.4110193408666825,2024-10-30,A,False
1766,897,11.645893048171253,2024-10-31,D,True
1767,815,12.709624021843924,2024-11-01,D,False
1768,709,18.928364591600943,2024-11-02,D,True
1769,916,45.93314408005428,2024-11-03,E,False
1770,523,75.21286995435712,2024-11-04,D,True
1771,746,90.5538837928901,2024-11-05,E,True
1772,386,83.5372530284246,2024-11-06,C,True
1773,707,19.688787177568358,2024-11-07,A,False
1774,471,,2024-11-08,A,True
1775,119,19.9411597758535,2024-11-09,B,False
1776,396,26.44718166671908,2024-11-10,C,False
1777,532,50.354698151188614,2024-11-11,D,False
1778,261,6.810902472352254,2024-11-12,D,False
1779,805,21.81743295932732,2024-11-13,C,False
1780,934,,2024-11-14,D,False
1781,256,46.6116292658489,2024-11-15,B,False
1782,734,44.53865259778722,2024-11-16,E,True
1783,905,1.45671547512789,2024-11-17,A,False
1784,226,24.739974705834577,2024-11-18,C,False
1785,53,86.62924359821812,2024-11-19,A,True
1786,940,16.462842825866876,2024-11-20,N,False
1787,867,41.51249395347211,2024-11-21,C,False
1788,500,1.4330905867001253,2024-11-22,E,False
1789,506,47.83354816705558,2024-11-23,D,False
1790,854,2.1021106726217154,2024-11-24,D,False
1791,364,81.96095530657999,2024-11-25,D,True
1792,280,82.48537674871037,2024-11-26,E,False
1793,593,78.77421883023699,2024-11-27,E,True
1794,714,28.33640688911182,2024-11-28,E,True
1795,158,83.7237218221818,2024-11-29,A,False
1796,632,54.29981326052693,2024-11-30,E,True
1797,59,37.380810886700246,2024-12-01,D,False
1798,727,62.5329959704233,2024-12-02,B,False
1799,128,1.2341046060374006,2024-12-03,E,True
1800,736,14.296087760075215,2024-12-04,B,True
1801,721,74.22935381702628,2024-12-05,D,False
1802,882,24.4161608716153,2024-12-06,E,False
1803,115,59.800911732874965,2024-12-07,A,False
1804,209,38.510260282302966,2024-12-08,A,True
1805,526,85.48057787992614,2024-12-09,B,False
1806,521,95.24153059966436,2024-12-10,A,True
1807,552,88.35647283701904,2024-12-11,A,True
1808,962,27.061999469359666,2024-12-12,A,True
1809,237,19.416286904608228,2024-12-13,D,False
1810,281,47.4434893620735,2024-12-14,A,True
1811,359,0.7334150836180275,2024-12-15,C,False
1812,201,,2024-12-16,E,True
1813,758,55.329063962300005,2024-12-17,A,False
1814,278,52.0449404165286,2024-12-18,A,False
1815,235,99.458198903526,2024-12-19,N,True
1816,494,20.184183536375812,2024-12-20,N,False
1817,4,25.810392916046844,2024-12-21,A,True
1818,666,11.35406423262867,2024-12-22,A,True
1819,442,91.75430096537447,2024-12-23,E,True
1820,29,77.78112444584508,2024-12-24,C,True
1821,109,82.23391114568474,2024-12-25,C,True
1822,610,90.27637879645087,2024-12-26,A,True
1823,727,,2024-12-27,C,True
1824,805,45.11931914507237,2024-12-28,B,False
1825,75,33.03914736656165,2024-12-29,C,True
1826,838,58.92146143478555,2024-12-30,C,True
1827,146,45.42783967898225,2024-12-31,C,False
1828,128,45.15655866055751,2025-01-01,D,False
1829,853,93.69278637311389,2025-01-02,D,True
1830,42,98.40315142791302,2025-01-03,D,True
1831,356,79.64843893295807,2025-01-04,N,True
1832,41,75.67580902469282,2025-01-05,B,False
1833,934,68.05581617791015,2025-01-06,C,True
1834,34,16.607485233351373,2025-01-07,A,False
1835,17,5.9105820875654524,2025-01-08,B,True
1836,677,69.0726315113263,2025-01-09,D,True
1837,153,72.8786222256576,2025-01-10,E,False
1838,998,4.697299109813979,2025-01-11,B,True
1839,378,92.80517502288481,2025-01-12,D,True
1840,588,9.114063944467754,2025-01-13,B,True
1841,599,28.59005337712024,2025-01-14,B,False
1842,629,67.23898127987044,2025-01-15,C,True
1843,874,16.987259440447634,2025-01-16,A,True
1844,342,5.541588844224443,2025-01-17,E,False
1845,981,33.11464891641498,2025-01-18,D,False
1846,27,76.59715748551791,2025-01-19,B,True
1847,825,41.367867898526036,2025-01-20,E,True
1848,287,65.29729219079393,2025-01-21,B,False
1849,646,57.961909722813665,2025-01-22,A,True
1850,731,2.221848202558041,2025-01-23,E,True
1851,168,98.85399870457067,2025-01-24,D,False
1852,610,4.142808881938775,2025-01-25,B,True
1853,268,96.7802737648485,2025-01-26,A,True
1854,749,54.98641783643981,2025-01-27,E,False
1855,821,96.31590270650665,2025-01-28,B,True
1856,455,11.475359941383545,2025-01-29,B,True
1857,906,49.04085191855132,2025-01-30,D,True
1858,685,16.950409186605864,2025-01-31,A,False
1859,401,5.097487702244241,2025-02-01,C,True
1860,922,61.75291150623116,2025-02-02,B,False
1861,981,20.778342096169144,2025-02-03,E,False
1862,476,58.76970182875459,2025-02-04,D,True
1863,702,11.236448194898562,2025-02-05,D,False
1864,634,,2025-02-06,B,True
1865,558,78.16325580532471,2025-02-07,B,True
1866,576,43.70515218421877,2025-02-08,B,True
1867,130,62.774541489733636,2025-02-09,C,False
1868,822,64.7457940745546,2025-02-10,B,True
1869,363,84.37550439872936,2025-02-11,A,True
1870,705,32.49227944066413,2025-02-12,E,True
1871,819,68.72955625825176,2025-02-13,B,False
1872,693,96.16158070461657,2025-02-14,C,False
1873,292,,2025-02-15,E,True
1874,371,48.987047671774455,2025-02-16,D,True
1875,794,63.07174444919292,2025-02-17,B,True
1876,29,73.96828977631081,2025-02-18,E,True
1877,149,61.227576569387246,2025-02-19,D,False
1878,779,1.6675813489839153,2025-02-20,C,False
1879,296,,2025-02-21,A,False
1880,11,81.0468217215466,2025-02-22,B,False
1881,512,27.26506473124847,2025-02-23,A,False
1882,676,73.1562119561134,2025-02-24,N,False
1883,113,37.21202152416987,2025-02-25,E,False
1884,187,52.188432815794314,2025-02-26,E,True
1885,807,6.79732998194037,2025-02-27,C,True
1886,744,18.122556104970954,2025-02-28,C,True
1887,227,95.71969635192346,2025-03-01,B,True
1888,310,89.0138053446914,2025-03-02,D,True
1889,98,65.22751108990502,2025-03-03,A,True
1890,55,45.96445973857374,2025-03-04,A,False
1891,623,67.57612928952238,2025-03-05,E,True
1892,664,61.8610289093939,2025-03-06,E,False
1893,758,56.85522556046121,2025-03-07,B,True
1894,406,5.917707186354182,2025-03-08,C,False
1895,69,63.280261066150686,2025-03-09,A,False
1896,312,76.89200445711684,2025-03-10,B,True
1897,289,99.40816546455756,2025-03-11,E,True
1898,762,1.1078552594309676,2025-03-12,E,True
1899,548,73.01734533106766,2025-03-13,A,True
1900,751,57.17893159359805,2025-03-14,E,True
1901,148,43.40521760809567,2025-03-15,E,False
1902,467,12.757017457137088,2025-03-16,D,True
1903,739,40.908514863487625,2025-03-17,C,False
1904,244,35.43771829861353,2025-03-18,E,False
1905,491,30.28298889787422,2025-03-19,D,False
1906,849,73.08796233222077,2025-03-20,B,True
1907,958,70.07255212842638,2025-03-21,E,False
1908,507,58.902009098091156,2025-03-22,B,True
1909,365,93.86648132933722,2025-03-23,E,True
1910,482,34.985438418085444,2025-03-24,A,True
1911,201,24.380193771017954,2025-03-25,D,True
1912,154,65.59033130983995,2025-03-26,D,False
1913,450,19.881406093740296,2025-03-27,A,False
1914,501,,2025-03-28,C,False
1915,73,22.460244007488484,2025-03-29,D,False
1916,713,6.9153567718501225,2025-03-30,B,True
1917,296,82.74987416356734,2025-03-31,D,True
1918,17,25.454054292166116,2025-04-01,C,True
1919,641,47.30275033430207,2025-04-02,B,True
1920,217,,2025-04-03,B,True
1921,61,69.93394662526431,2025-04-04,A,True
1922,939,33.056100230629085,2025-04-05,E,False
1923,616,74.473672782921,2025-04-06,A,False
1924,42,41.240306046786614,2025-04-07,N,False
1925,25,19.57556064056246,2025-04-08,A,False
1926,39,51.31750822820359,2025-04-09,E,False
1927,803,13.050455963743978,2025-04-10,D,False
1928,131,44.053915987299476,2025-04-11,B,True
1929,498,31.730547742048653,2025-04-12,E,True
1930,229,91.19595841996332,2025-04-13,D,True
1931,108,6.092872172071995,2025-04-14,C,False
1932,172,69.4017414105742,2025-04-15,A,False
1933,435,18.27511659874359,2025-04-16,C,False
1934,478,31.904507433223984,2025-04-17,D,True
1935,102,41.551406306206594,2025-04-18,C,True
1936,866,90.80150893749742,2025-04-19,C,True
1937,524,24.257826607382516,2025-04-20,D,False
1938,275,9.130880254467023,2025-04-21,B,False
1939,613,31.86896039905236,2025-04-22,N,False
1940,44,10.467597053553334,2025-04-23,A,True
1941,955,12.859648596055251,2025-04-24,E,False
1942,817,57.38505979750267,2025-04-25,A,True
1943,957,6.090193309949332,2025-04-26,E,True
1944,17,3.0930881393566034,2025-04-27,C,True
1945,330,71.44141014704978,2025-04-28,B,True
1946,569,36.16470948410445,2025-04-29,C,True
1947,823,12.537534923387328,2025-04-30,B,True
1948,497,25.361277085970823,2025-05-01,D,True
1949,815,64.2086507352399,2025-05-02,A,False
1950,12,27.55365671408512,2025-05-03,A,True
1951,318,49.45211251204079,2025-05-04,D,False
1952,592,12.169530672667229,2025-05-05,E,True
1953,216,58.8093637605447,2025-05-06,D,False
1954,339,31.607768384326405,2025-05-07,D,True
1955,776,62.696843452871654,2025-05-08,B,False
1956,991,80.8394882304023,2025-05-09,D,True
1957,661,61.16464193899924,2025-05-10,A,True
1958,81,29.574756259502067,2025-05-11,C,False
1959,727,25.57437015483004,2025-05-12,B,False
1960,485,32.7420958733448,2025-05-13,B,False
1961,374,16.462051323650485,2025-05-14,E,False
1962,976,18.117185085002006,2025-05-15,C,True
1963,710,79.06911019001679,2025-05-16,B,True
1964,200,38.4732576507445,2025-05-17,D,False
1965,537,43.59951805705858,2025-05-18,B,True
1966,466,59.40494655668112,2025-05-19,B,False
1967,89,58.96534951515476,2025-05-20,B,False
1968,268,6.7376871521925725,2025-05-21,E,False
1969,655,83.15407863376656,2025-05-22,B,True
1970,571,17.732655322393942,2025-05-23,B,False
1971,922,72.30716360496689,2025-05-24,E,True
1972,489,77.26709881281666,2025-05-25,C,True
1973,877,71.48995340913137,2025-05-26,N,True
1974,538,57.89776465541452,2025-05-27,E,False
1975,47,1.460899710888286,2025-05-28,E,True
1976,288,36.03754923631707,2025-05-29,N,False
1977,778,60.48394293625812,2025-05-30,B,True
1978,16,38.74512959225387,2025-05-31,A,True
1979,711,86.34798949128131,2025-06-01,B,True
1980,401,30.880227534961534,2025-06-02,D,False
1981,919,29.353479245866044,2025-06-03,B,False
1982,794,26.599769309265795,2025-06-04,N,False
1983,981,33.27808689607955,2025-06-05,D,False
1984,86,55.74049643141872,2025-06-06,A,True
1985,250,70.70152942725908,2025-06-07,D,True
1986,391,66.2567917738785,2025-06-08,E,False
1987,782,80.77178199814796,2025-06-09,D,False
1988,335,88.59139954974249,2025-06-10,C,False
1989,629,81.60790423433512,2025-06-11,E,False
1990,519,1.8945403374354575,2025-06-12,B,True
1991,137,73.59179535519887,2025-06-13,E,False
1992,883,20.83995736183316,2025-06-14,A,False
1993,688,13.292804270798264,2025-06-15,A,True
1994,840,63.84887847991355,2025-06-16,D,False
1995,498,31.974319540769493,2025-06-17,E,True
1996,827,5.711716337044326,2025-06-18,B,False
1997,727,13.762973439836134,2025-06-19,A,True
1998,477,0.09294168699610639,2025-06-20,B,False
1999,594,90.32236273447073,2025-06-21,C,False
2000,223,2.461798384123859,2025-06-22,A,False
2001,990,20.945576950951107,2025-06-23,D,False
2002,372,41.62627806879073,2025-06-24,C,False
2003,935,35.65713259508191,2025-06-25,E,True
2004,995,91.17258769127757,2025-06-26,B,False
2005,402,4.028894573454211,2025-06-27,A,False
2006,443,51.221470767705156,2025-06-28,C,True
2007,490,68.0479462524374,2025-06-29,C,True
2008,615,93.16979736811687,2025-06-30,A,True
2009,273,62.0371252123721,2025-07-01,E,False
2010,526,80.37552360117627,2025-07-02,E,False
2011,159,8.37249378453484,2025-07-03,D,False
2012,152,38.59395109369274,2025-07-04,E,False
2013,995,37.394713447906746,2025-07-05,D,True
2014,620,88.62882164557176,2025-07-06,C,True
2015,188,15.137117126327492,2025-07-07,A,False
2016,813,15.188617233663027,2025-07-08,E,False
2017,98,32.855814988579844,2025-07-09,N,False
2018,131,5.446604736683758,2025-07-10,C,False
2019,805,18.245804065249004,2025-07-11,E,False
2020,171,96.52096385457352,2025-07-12,B,True
2021,936,42.81839398671728,2025-07-13,C,False
2022,986,63.201920842243645,2025-07-14,E,False
2023,183,,2025-07-15,C,True
2024,983,36.69614070072005,2025-07-16,A,True
2025,364,14.722707441051696,2025-07-17,A,False
2026,39,20.658101622178084,2025-07-18,A,False
2027,527,31.326647658061034,2025-07-19,B,True
2028,888,63.60684203522256,2025-07-20,A,False
2029,497,39.82805490890544,2025-07-21,B,True
2030,516,0.6814697900128119,2025-07-22,A,True
2031,349,52.34071850674719,2025-07-23,C,False
2032,982,92.1513391907418,2025-07-24,E,True
2033,921,81.2077611008679,2025-07-25,E,False
2034,397,82.52113712596311,2025-07-26,A,False
2035,722,79.50580176061311,2025-07-27,E,False
2036,161,32.37308256104237,2025-07-28,A,False
2037,16,76.5193833754392,2025-07-29,A,True
2038,493,14.3161357811193,2025-07-30,D,False
2039,426,,2025-07-31,D,False
2040,108,64.15685666849944,2025-08-01,D,True
2041,894,2.556979908973467,2025-08-02,B,False
2042,450,78.79701335909316,2025-08-03,D,False
2043,311,90.32481050951306,2025-08-04,A,False
2044,739,26.741527847210765,2025-08-05,C,False
2045,170,81.2390724186151,2025-08-06,D,True
2046,546,8.24059718619482,2025-08-07,D,True
2047,414,59.9967858261066,2025-08-08,C,False
2048,251,48.56468653342772,2025-08-09,N,True
2049,759,54.5923533309,2025-08-10,B,True
2050,781,92.62052018843451,2025-08-11,D,True
2051,141,87.13152472468535,2025-08-12,N,True
2052,274,78.5083657239757,2025-08-13,A,False
2053,416,27.3698457678371,2025-08-14,E,True
2054,608,91.18186286860916,2025-08-15,B,False
2055,739,9.750769246387526,2025-08-16,C,False
2056,891,85.33292165587878,2025-08-17,C,True
2057,39,32.81600723536078,2025-08-18,C,False
2058,814,5.377231166198337,2025-08-19,D,True
2059,29,66.93569842407483,2025-08-20,E,False
2060,958,23.127992831595545,2025-08-21,N,False
2061,477,24.35711258646319,2025-08-22,A,True
2062,318,30.60471662287715,2025-08-23,A,False
2063,245,6.368476750251673,2025-08-24,E,True
2064,748,17.712714419825403,2025-08-25,C,False
2065,697,0.5139627585560302,2025-08-26,C,False
2066,272,44.54095211057868,2025-08-27,C,True
2067,440,8.425537741797129,2025-08-28,C,True
2068,748,68.2652605044199,2025-08-29,C,True
2069,239,23.562285119164837,2025-08-30,E,False
2070,377,94.35741440351771,2025-08-31,D,True
2071,266,87.12516273986526,2025-09-01,B,True
2072,926,28.944089496820823,2025-09-02,C,True
2073,921,78.32154546566787,2025-09-03,D,True
2074,359,80.32449046648063,2025-09-04,A,False
2075,340,98.65631141144104,2025-09-05,E,False
2076,389,59.783998684568495,2025-09-06,D,False
2077,577,8.19657346436622,2025-09-07,C,False
2078,990,64.6837228926381,2025-09-08,C,False
2079,689,62.49797483760352,2025-09-09,C,False
2080,3,63.835057742043176,2025-09-10,D,True
2081,429,30.71456481042115,2025-09-11,C,False
2082,142,85.96795850803329,2025-09-12,D,True
2083,376,95.94721829554119,2025-09-13,C,True
2084,670,21.77125129781515,2025-09-14,A,False
2085,324,8.815215813664445,2025-09-15,A,True
2086,146,19.45350331684841,2025-09-16,B,False
2087,958,82.05521392557188,2025-09-17,C,False
2088,293,67.66446348198475,2025-09-18,C,False
2089,665,63.604734233912666,2025-09-19,D,True
2090,432,40.17931351094245,2025-09-20,D,False
2091,705,57.78279715114357,2025-09-21,C,False
2092,949,30.787412527436743,2025-09-22,N,False
2093,975,47.720007941796126,2025-09-23,C,False
2094,585,79.30630283706559,2025-09-24,D,False
2095,399,98.12415974554621,2025-09-25,C,False
2096,817,93.24889235898019,2025-09-26,D,True
2097,889,93.38659428462488,2025-09-27,C,True
2098,344,40.22237348471124,2025-09-28,E,False
2099,964,,2025-09-29,D,True
2100,140,70.56353963689816,2025-09-30,B,False
2101,187,92.21919280512843,2025-10-01,E,False
2102,805,14.199425935208465,2025-10-02,C,True
2103,61,30.424186382719576,2025-10-03,D,False
2104,997,13.924684459410951,2025-10-04,E,True
2105,939,61.20085299594553,2025-10-05,B,False
2106,380,30.630099688753752,2025-10-06,D,True
2107,710,32.61078525125735,2025-10-07,E,True
2108,807,7.091595948797924,2025-10-08,E,True
2109,440,34.97960618075919,2025-10-09,E,True
2110,319,86.24965074015853,2025-10-10,A,False
2111,302,23.307281189083497,2025-10-11,C,True
2112,344,69.51874662100657,2025-10-12,D,False
2113,11,62.96283449385926,2025-10-13,D,False
2114,62,86.34846083691153,2025-10-14,D,True
2115,845,13.228794765103824,2025-10-15,E,True
2116,226,97.75899603450432,2025-10-16,C,False
2117,153,58.26286460403656,2025-10-17,B,True
2118,711,99.54741523468144,2025-10-18,D,False
2119,564,91.15147258658509,2025-10-19,C,True
2120,772,22.15172721131058,2025-10-20,C,False
2121,571,5.61620099033131,2025-10-21,A,True
2122,584,25.563909379536152,2025-10-22,D,True
2123,660,52.756364899941985,2025-10-23,E,False
2124,861,17.159636706519,2025-10-24,C,False
2125,575,16.74597445179885,2025-10-25,C,False
2126,310,46.25935471051531,2025-10-26,B,True
2127,885,3.3267971169358423,2025-10-27,A,True
2128,243,12.188808253227046,2025-10-28,C,True
2129,493,41.58613394079475,2025-10-29,C,True
2130,366,6.312990920796646,2025-10-30,E,False
2131,330,39.67550564555293,2025-10-31,E,False
2132,107,47.40062659484451,2025-11-01,B,False
2133,226,45.12666140731144,2025-11-02,B,True
2134,825,86.91748574030873,2025-11-03,B,True
2135,218,53.00624550517325,2025-11-04,E,False
2136,937,46.798046247804336,2025-11-05,N,False
2137,753,41.07092453916662,2025-11-06,A,True
2138,506,81.76233783044862,2025-11-07,D,False
2139,259,89.50566039998331,2025-11-08,D,True
2140,888,85.32424691971175,2025-11-09,A,True
2141,774,67.35465781313908,2025-11-10,N,False
2142,517,13.736174596867423,2025-11-11,E,False
2143,773,27.686996949201227,2025-11-12,D,False
2144,54,4.606306368197743,2025-11-13,E,False
2145,47,93.08240749901141,2025-11-14,A,True
2146,727,66.07985296909104,2025-11-15,B,False
2147,689,74.63628843132415,2025-11-16,N,False
2148,521,,2025-11-17,D,False
2149,99,84.56535222773424,2025-11-18,N,False
2150,20,25.96032837084785,2025-11-19,D,False
2151,890,0.16437571124496841,2025-11-20,D,True
2152,753,37.641496252069395,2025-11-21,B,False
2153,573,57.07614809590734,2025-11-22,D,False
2154,891,47.87048579655225,2025-11-23,B,True
2155,490,86.2076142576597,2025-11-24,E,True
2156,419,10.540528595616694,2025-11-25,E,False
2157,690,55.38234406337256,2025-11-26,B,True
2158,850,51.297934982090744,2025-11-27,A,True
2159,62,28.1392982172163,2025-11-28,E,True
2160,145,82.22281125770105,2025-11-29,A,True
2161,216,75.28486558822063,2025-11-30,E,False
2162,3,73.2859187331831,2025-12-01,N,True
2163,160,87.6192478269556,2025-12-02,C,True
2164,739,72.27846006215212,2025-12-03,D,False
2165,998,23.184129171472645,2025-12-04,D,False
2166,781,70.5562711649691,2025-12-05,A,False
2167,120,30.770281338984383,2025-12-06,D,True
2168,893,24.217465034747054,2025-12-07,A,False
2169,89,7.300359289962732,2025-12-08,N,True
2170,329,74.40285803476768,2025-12-09,C,False
2171,580,71.10009619498112,2025-12-10,C,True
2172,910,23.449947767409373,2025-12-11,E,False
2173,357,74.93790167241559,2025-12-12,B,False
2174,610,91.78408830935531,2025-12-13,B,True
2175,267,10.802895749157926,2025-12-14,D,False
2176,617,23.263663838677495,2025-12-15,N,False
2177,952,,2025-12-16,C,False
2178,323,27.450667350707825,2025-12-17,D,False
2179,635,62.46639742837168,2025-12-18,E,False
2180,988,8.116422446371452,2025-12-19,C,True
2181,541,45.22024791035387,2025-12-20,A,True
2182,649,73.9091421992953,2025-12-21,A,False
2183,195,68.65139430432525,2025-12-22,B,False
2184,921,81.50721006758069,2025-12-23,D,True
2185,738,87.74521266031688,2025-12-24,E,True
2186,332,77.31835012587582,2025-12-25,C,False
2187,170,67.15877429389259,2025-12-26,A,True
2188,521,3.172249181603115,2025-12-27,C,False
2189,463,53.496667340944406,2025-12-28,E,False
2190,40,3.7697724914852793,2025-12-29,C,False
2191,537,80.80678171160226,2025-12-30,D,False
2192,261,32.07245244599576,2025-12-31,B,True
2193,395,56.24293741179209,2026-01-01,C,True
2194,955,27.94453073189026,2026-01-02,B,True
2195,226,78.25001443802935,2026-01-03,E,False
2196,984,88.65025266419025,2026-01-04,B,True
2197,124,39.8642494213064,2026-01-05,C,False
2198,975,86.2922393510989,2026-01-06,C,False
2199,38,26.70750074563324,2026-01-07,A,True
2200,328,53.46609230755238,2026-01-08,C,False
2201,251,85.8761429838704,2026-01-09,B,False
2202,901,32.588134261579036,2026-01-10,A,False
2203,176,95.40422650780857,2026-01-11,C,True
2204,602,12.187950178138362,2026-01-12,C,False
2205,914,1.8275069723506232,2026-01-13,E,True
2206,454,90.41353525781906,2026-01-14,A,False
2207,37,6.864866614787224,2026-01-15,E,True
2208,316,99.18891959474917,2026-01-16,E,False
2209,688,95.1396861979106,2026-01-17,E,True
2210,973,13.702091003632066,2026-01-18,D,True
2211,796,53.75846256925658,2026-01-19,E,False
2212,965,18.492029746714433,2026-01-20,N,False
2213,973,42.81551730301199,2026-01-21,C,False
2214,593,6.142512925983268,2026-01-22,D,False
2215,114,22.392458779658952,2026-01-23,E,True
2216,40,36.32727963988995,2026-01-24,C,False
2217,301,43.864750024605485,2026-01-25,A,True
2218,224,97.74962582088932,2026-01-26,A,False
2219,318,80.78656456839812,2026-01-27,C,True
2220,349,73.74099443119462,2026-01-28,B,True
2221,115,53.704131474197425,2026-01-29,C,True
2222,698,83.99977606043434,2026-01-30,C,False
2223,323,33.93228356557111,2026-01-31,D,False
2224,568,70.8899112773316,2026-02-01,A,True
2225,40,99.37839753781721,2026-02-02,A,True
2226,866,31.46289089351988,2026-02-03,E,True
2227,40,67.40175348839674,2026-02-04,C,True
2228,859,,2026-02-05,C,True
2229,973,91.58075833506723,2026-02-06,B,False
2230,749,71.79326909401018,2026-02-07,A,True
2231,289,28.360792341713626,2026-02-08,N,False
2232,262,32.62821515689465,2026-02-09,D,False
2233,216,2.075803212396421,2026-02-10,E,False
2234,147,76.08859776715097,2026-02-11,B,True
2235,336,4.273960606195137,2026-02-12,N,True
2236,168,86.46523546027457,2026-02-13,D,True
2237,92,11.86606144745388,2026-02-14,C,True
2238,353,17.187651213592424,2026-02-15,D,False
2239,571,47.652647083223734,2026-02-16,N,False
2240,571,73.78804151687423,2026-02-17,N,False
2241,816,13.90022051990777,2026-02-18,B,True
2242,681,44.007107506649845,2026-02-19,C,True
2243,781,48.28512744101048,2026-02-20,C,True
2244,363,21.228564166859133,2026-02-21,A,True
2245,557,11.555837668063173,2026-02-22,E,True
2246,345,83.64209229856395,2026-02-23,D,True
2247,693,50.24656497627655,2026-02-24,D,False
2248,170,1.4381235984152974,2026-02-25,C,False
2249,356,80.29813013091038,2026-02-26,B,True
2250,191,98.07938054145848,2026-02-27,B,False
2251,667,60.59261954142473,2026-02-28,E,False
2252,422,50.37083870840707,2026-03-01,B,False
2253,700,87.84158630449616,2026-03-02,D,False
2254,7,95.25167896845986,2026-03-03,B,True
2255,133,75.45369159024605,2026-03-04,E,False
2256,747,44.545292973428786,2026-03-05,D,True
2257,557,59.22213993314405,2026-03-06,B,True
2258,826,70.09353650179992,2026-03-07,N,False
2259,761,19.427357100180142,2026-03-08,C,True
2260,31,44.720103221643804,2026-03-09,C,False
2261,535,82.9821264717285,2026-03-10,C,True
2262,426,65.4725348498443,2026-03-11,B,True
2263,394,41.12040672118541,2026-03-12,E,False
2264,672,66.33625340146814,2026-03-13,D,False
2265,363,,2026-03-14,N,True
2266,437,40.149761056487634,2026-03-15,C,False
2267,670,79.31285379630563,2026-03-16,C,True
2268,551,22.0508787136648,2026-03-17,A,False
2269,927,,2026-03-18,A,True
2270,82,95.08186599164314,2026-03-19,B,True
2271,356,20.98976295862307,2026-03-20,D,True
2272,258,26.091857965016807,2026-03-21,C,True
2273,718,96.96159389043379,2026-03-22,E,True
2274,589,73.47085702650257,2026-03-23,B,False
2275,989,69.95965330235282,2026-03-24,B,True
2276,524,85.29263838545813,2026-03-25,E,False
2277,295,11.582308223679426,2026-03-26,N,False
2278,962,70.59562365800072,2026-03-27,E,True
2279,224,50.36886093282389,2026-03-28,A,True
2280,525,82.915064028414,2026-03-29,C,False
2281,46,50.81417186651943,2026-03-30,A,True
2282,667,62.02413542689121,2026-03-31,C,True
2283,113,47.774212639953596,2026-04-01,A,False
2284,233,47.81589235558441,2026-04-02,D,False
2285,17,76.79699780618316,2026-04-03,C,False
2286,360,62.85664006472832,2026-04-04,B,False
2287,223,63.32632016094104,2026-04-05,C,False
2288,866,45.02824838315258,2026-04-06,C,False
2289,700,53.11094963375276,2026-04-07,C,True
2290,448,74.57176662047873,2026-04-08,D,False
2291,856,82.59409191119182,2026-04-09,A,False
2292,365,69.65614021440462,2026-04-10,B,True
2293,675,92.4072988845683,2026-04-11,A,True
2294,326,82.0324088147201,2026-04-12,A,False
2295,467,56.186378980951844,2026-04-13,E,True
2296,414,67.14060726437368,2026-04-14,D,True
2297,455,92.6308276921196,2026-04-15,E,True
2298,586,61.91680442430584,2026-04-16,D,False
2299,233,82.48069479798306,2026-04-17,A,True
2300,224,68.8810503589987,2026-04-18,A,True
2301,994,55.193636106046654,2026-04-19,D,True
2302,831,24.18381954153531,2026-04-20,A,True
2303,412,42.599751946842815,2026-04-21,A,False
2304,572,,2026-04-22,B,True
2305,335,65.77653832726,2026-04-23,E,True
2306,222,56.43953803389896,2026-04-24,E,False
2307,37,93.29566255282273,2026-04-25,E,False
2308,989,,2026-04-26,C,False
2309,278,52.6082518417403,2026-04-27,B,True
2310,196,75.93108551502053,2026-04-28,E,False
2311,916,71.26656189865444,2026-04-29,E,False
2312,864,19.316000840843273,2026-04-30,B,False
2313,484,47.13082745741212,2026-05-01,A,True
2314,242,47.25154428195852,2026-05-02,E,True
2315,324,37.822451524334475,2026-05-03,A,False
2316,731,51.729348215225315,2026-05-04,E,True
2317,192,41.31073977271442,2026-05-05,D,True
2318,17,19.934548947118312,2026-05-06,C,False
2319,524,41.23664872746811,2026-05-07,E,True
2320,918,7.22769475731766,2026-05-08,D,True
2321,401,57.578586277441154,2026-05-09,B,False
2322,906,85.3654548941112,2026-05-10,N,False
2323,886,72.52870843545553,2026-05-11,B,False
2324,705,36.03940400541112,2026-05-12,E,False
2325,22,8.707120557730818,2026-05-13,B,True
2326,474,20.214939922527076,2026-05-14,D,False
2327,120,54.549034049483566,2026-05-15,C,False
2328,210,20.705708338303285,2026-05-16,A,True
2329,306,54.39731112849675,2026-05-17,A,True
2330,270,23.15990247638989,2026-05-18,C,True
2331,704,84.89238694760728,2026-05-19,A,True
2332,687,39.72714728404597,2026-05-20,E,False
2333,285,24.555062594449105,2026-05-21,E,True
2334,716,81.23261802470616,2026-05-22,D,True
2335,676,34.283896480545074,2026-05-23,D,True
2336,763,11.148768783878193,2026-05-24,B,True
2337,227,57.04094914036416,2026-05-25,D,True
2338,948,58.15642044379887,2026-05-26,E,True
2339,381,71.46956752357342,2026-05-27,D,False
2340,460,24.021943320838556,2026-05-28,A,False
2341,7,44.37713390922451,2026-05-29,B,False
2342,29,28.236791904265623,2026-05-30,B,True
2343,907,8.095373611568812,2026-05-31,E,True
2344,33,87.66138270158916,2026-06-01,N,False
2345,646,72.88698044883411,2026-06-02,A,False
2346,879,30.14630594588007,2026-06-03,D,False
2347,79,59.937299287198634,2026-06-04,C,False
2348,928,20.126378813447243,2026-06-05,D,True
2349,947,89.02366217957709,2026-06-06,E,False
2350,459,11.49063433619103,2026-06-07,D,True
2351,570,0.38371455078008987,2026-06-08,B,True
2352,983,50.20081977391821,2026-06-09,A,True
2353,538,58.31278234528693,2026-06-10,E,False
2354,482,57.89653202958044,2026-06-11,C,False
2355,430,5.451192743782629,2026-06-12,A,False
2356,738,31.404380691843247,2026-06-13,A,True
2357,285,49.91989468413318,2026-06-14,B,True
2358,516,21.657918562724088,2026-06-15,B,False
2359,977,87.26258854858963,2026-06-16,B,True
2360,99,8.710928946143405,2026-06-17,E,False
2361,397,48.738444167204285,2026-06-18,D,True
2362,489,,2026-06-19,N,True
2363,39,26.175110013448244,2026-06-20,D,True
2364,271,62.424073699751816,2026-06-21,D,True
2365,887,82.93851501423745,2026-06-22,B,True
2366,797,19.033697509504755,2026-06-23,D,True
2367,157,91.72205918248628,2026-06-24,A,True
2368,75,55.3558532662358,2026-06-25,A,False
2369,884,29.923200430106057,2026-06-26,C,True
2370,800,43.08582753822707,2026-06-27,E,True
2371,130,31.219188378638798,2026-06-28,D,False
2372,687,72.51111599333161,2026-06-29,E,False
2373,974,79.63006634151321,2026-06-30,E,False
2374,84,83.2937392318661,2026-07-01,E,False
2375,22,98.57682495857412,2026-07-02,E,True
2376,459,79.12842924966836,2026-07-03,A,True
2377,539,60.13840706885634,2026-07-04,D,False
2378,707,33.92202983917838,2026-07-05,N,True
2379,849,54.45954487107494,2026-07-06,E,False
2380,382,4.106817279040542,2026-07-07,C,True
2381,748,74.48250755299131,2026-07-08,A,True
2382,440,44.595554509210174,2026-07-09,A,True
2383,604,2.002322973218762,2026-07-10,N,True
2384,989,6.250694151041081,2026-07-11,E,True
2385,21,38.74664638217566,2026-07-12,B,False
2386,303,58.34215190184351,2026-07-13,C,True
2387,976,46.42039489521267,2026-07-14,D,True
2388,869,61.92043172921549,2026-07-15,B,True
2389,955,48.02942587913558,2026-07-16,A,True
2390,84,66.17038454813468,2026-07-17,E,True
2391,774,,2026-07-18,C,False
2392,659,11.28431871836214,2026-07-19,A,True
2393,953,59.643395462566,2026-07-20,D,False
2394,453,48.46895169363074,2026-07-21,E,True
2395,387,2.6867654044935296,2026-07-22,D,False
2396,507,38.04818854930359,2026-07-23,D,False
2397,257,10.61255854909955,2026-07-24,E,True
2398,570,,2026-07-25,E,True
2399,892,39.577767966043076,2026-07-26,D,False
2400,934,61.31519111030179,2026-07-27,C,False
2401,527,80.56022187702384,2026-07-28,E,False
2402,162,29.96686838414908,2026-07-29,A,False
2403,957,96.21021041650275,2026-07-30,B,False
2404,163,53.56345005875745,2026-07-31,C,True
2405,832,61.8290798754788,2026-08-01,E,True
2406,793,68.0672373225737,2026-08-02,E,False
2407,792,66.67315298575897,2026-08-03,C,True
2408,524,51.09707430450621,2026-08-04,B,False
2409,786,,2026-08-05,D,True
2410,271,5.37819641773779,2026-08-06,A,False
2411,492,2.208584530117974,2026-08-07,E,True
2412,208,35.79611945327647,2026-08-08,B,False
2413,539,33.366089063369266,2026-08-09,A,True
2414,584,38.769515483900676,2026-08-10,C,False
2415,60,13.836820088819001,2026-08-11,E,True
2416,430,73.81682705368436,2026-08-12,D,False
2417,985,85.69644147762389,2026-08-13,C,True
2418,657,93.8714635374035,2026-08-14,N,True
2419,605,49.23623035196258,2026-08-15,B,False
2420,309,70.08656991254286,2026-08-16,A,True
2421,520,85.55511234358725,2026-08-17,A,True
2422,591,41.829111109348595,2026-08-18,E,True
2423,27,30.941279487044437,2026-08-19,C,True
2424,686,93.67245558534901,2026-08-20,D,False
2425,562,51.56765510770731,2026-08-21,B,True
2426,199,,2026-08-22,E,True
2427,387,17.841609656349576,2026-08-23,B,False
2428,349,10.815501457335674,2026-08-24,A,True
2429,960,84.21068624835117,2026-08-25,D,False
2430,940,61.413317618751805,2026-08-26,B,True
2431,693,32.58245840194487,2026-08-27,E,False
2432,536,19.173621739026647,2026-08-28,D,True
2433,828,55.549728016963144,2026-08-29,C,False
2434,378,58.391928926113536,2026-08-30,E,False
2435,899,20.699360124505816,2026-08-31,B,False
2436,916,85.1405747891474,2026-09-01,N,True
2437,558,8.426436615585109,2026-09-02,E,False
2438,527,35.609308516642166,2026-09-03,D,True
2439,153,68.03844137625221,2026-09-04,D,False
2440,734,27.412036381920068,2026-09-05,D,False
2441,206,82.76751947812718,2026-09-06,B,False
2442,455,73.98678266004035,2026-09-07,E,True
2443,273,78.90228445481343,2026-09-08,A,True
2444,894,11.910653587671627,2026-09-09,A,False
2445,236,14.054712799554292,2026-09-10,B,False
2446,852,28.647373774458362,2026-09-11,B,False
2447,740,51.807716519756106,2026-09-12,D,False
2448,521,74.80160766994024,2026-09-13,E,False
2449,678,83.65308907609035,2026-09-14,E,False
2450,944,70.43353159571805,2026-09-15,C,False
2451,956,92.85968815306383,2026-09-16,C,False
2452,831,73.87435096159302,2026-09-17,A,True
2453,726,30.62678870046147,2026-09-18,C,False
2454,501,26.50812843385726,2026-09-19,C,True
2455,117,69.61924503010898,2026-09-20,A,False
2456,386,19.28705686896143,2026-09-21,A,True
2457,344,9.27148108102699,2026-09-22,C,True
2458,584,53.22228748561939,2026-09-23,N,False
2459,395,82.16415697789553,2026-09-24,C,True
2460,64,10.137984246986353,2026-09-25,D,True
2461,717,79.18913237957292,2026-09-26,D,False
2462,721,81.1572004351548,2026-09-27,D,False
2463,72,48.227400008154355,2026-09-28,B,False
2464,789,5.731031001048681,2026-09-29,D,True
2465,274,17.45898512471864,2026-09-30,E,False
2466,990,70.74262751619324,2026-10-01,N,True
2467,320,71.17779449909494,2026-10-02,B,False
2468,338,89.83552751676653,2026-10-03,N,False
2469,366,,2026-10-04,C,True
2470,495,12.410736771377739,2026-10-05,A,True
2471,607,12.141490550497213,2026-10-06,C,True
2472,166,72.11323573568237,2026-10-07,C,False
2473,544,18.378466510790116,2026-10-08,B,False
2474,11,32.83854996166053,2026-10-09,B,False
2475,301,48.72120069219139,2026-10-10,B,True
2476,729,2.47648775761512,2026-10-11,E,True
2477,801,24.881902701993187,2026-10-12,E,True
2478,102,40.788960850728,2026-10-13,A,True
2479,425,27.963631849320624,2026-10-14,B,False
2480,392,13.637032746756583,2026-10-15,D,True
2481,779,72.80122577961974,2026-10-16,B,True
2482,214,81.31476551679849,2026-10-17,E,False
2483,691,25.747897614372484,2026-10-18,B,False
2484,88,77.44194946063033,2026-10-19,E,True
2485,553,38.55535644013138,2026-10-20,B,True
2486,401,50.66857908540028,2026-10-21,D,True
2487,588,85.60010748931528,2026-10-22,A,True
2488,889,,2026-10-23,D,False
2489,46,80.51168513161777,2026-10-24,E,False
2490,672,13.684516658635681,2026-10-25,C,False
2491,463,6.971942583372948,2026-10-26,D,False
2492,592,89.3404729087987,2026-10-27,B,False
2493,310,38.783426957109434,2026-10-28,A,False
2494,86,28.787967806968084,2026-10-29,B,True
2495,92,72.46962542618245,2026-10-30,N,True
2496,660,83.64155965798567,2026-10-31,D,True
2497,673,86.2489621898301,2026-11-01,A,True
2498,714,31.599714112522737,2026-11-02,N,False
2499,936,85.2212391201674,2026-11-03,B,True
2500,928,4.093394437434538,2026-11-04,A,True
2501,242,4.966149145971888,2026-11-05,C,True
2502,865,62.351919517415446,2026-11-06,B,True
2503,2,6.3106369115546235,2026-11-07,A,False
2504,225,32.46091685101615,2026-11-08,D,True
2505,801,67.2755986246924,2026-11-09,B,False
2506,745,33.726689605422635,2026-11-10,B,True
2507,973,17.959978144009593,2026-11-11,A,True
2508,926,28.135062185384164,2026-11-12,B,True
2509,929,45.757533225043176,2026-11-13,C,False
2510,589,47.538585535548236,2026-11-14,B,True
2511,116,,2026-11-15,E,True
2512,666,75.01532294315125,2026-11-16,C,True
2513,918,45.68178045561352,2026-11-17,A,False
2514,103,84.56673490987714,2026-11-18,C,False
2515,194,11.423713859139584,2026-11-19,E,True
2516,166,25.53533502289015,2026-11-20,E,False
2517,871,82.79764635022515,2026-11-21,B,True
2518,90,37.79940386261531,2026-11-22,B,True
2519,686,98.11815587938422,2026-11-23,D,False
2520,122,46.62532815278354,2026-11-24,C,True
2521,143,79.19356229637641,2026-11-25,D,True
2522,994,40.23070413823719,2026-11-26,E,False
2523,106,42.49535190624304,2026-11-27,B,False
2524,887,38.28831472841835,2026-11-28,B,False
2525,428,71.90756205108117,2026-11-29,B,False
2526,305,54.75178840599945,2026-11-30,A,True
2527,872,94.37781113683691,2026-12-01,E,True
2528,971,25.089031653410476,2026-12-02,B,True
2529,317,10.056273208344436,2026-12-03,E,True
2530,963,39.326148509921524,2026-12-04,B,True
2531,635,,2026-12-05,C,True
2532,902,86.0798936915495,2026-12-06,E,True
2533,9,34.619688668032765,2026-12-07,D,True
2534,774,65.37867511244616,2026-12-08,A,False
2535,73,35.01986810232191,2026-12-09,D,True
2536,359,61.72195829944581,2026-12-10,E,True
2537,223,88.48079470306509,2026-12-11,B,True
2538,416,23.135764225940903,2026-12-12,E,True
2539,553,40.424164210703914,2026-12-13,A,True
2540,370,99.32651964297466,2026-12-14,E,False
2541,716,86.85570282494608,2026-12-15,B,False
2542,264,,2026-12-16,D,False
2543,840,51.66275918542753,2026-12-17,C,True
2544,690,28.4600382304681,2026-12-18,D,True
2545,860,51.72094276935294,2026-12-19,B,True
2546,318,84.81814982799472,2026-12-20,B,True
2547,84,68.51745132777806,2026-12-21,A,False
2548,318,29.004402817798656,2026-12-22,E,False
2549,111,20.146392105353293,2026-12-23,E,True
2550,251,26.52085369968291,2026-12-24,D,True
2551,383,16.975920139282653,2026-12-25,C,False
2552,7,9.564069602371594,2026-12-26,C,False
2553,459,41.9136174442055,2026-12-27,A,False
2554,84,11.32996043982677,2026-12-28,B,False
2555,208,17.191255772710434,2026-12-29,A,False
2556,900,54.73246843394861,2026-12-30,E,False
2557,390,16.459927369957473,2026-12-31,B,False
2558,314,,2027-01-01,A,True
2559,22,31.73888500278852,2027-01-02,D,True
2560,410,22.031909862196752,2027-01-03,E,False
2561,895,51.53051879943767,2027-01-04,C,True
2562,515,10.236708458320932,2027-01-05,A,False
2563,127,75.17707876829782,2027-01-06,E,True
2564,809,90.62335194351387,2027-01-07,E,False
2565,700,74.34351739561944,2027-01-08,C,True
2566,874,53.282703740139425,2027-01-09,C,False
2567,14,86.06678217888852,2027-01-10,C,True
2568,971,69.49183797815076,2027-01-11,N,True
2569,978,1.0551122450189854,2027-01-12,C,False
2570,12,39.40901527745031,2027-01-13,D,False
2571,87,85.09518994068,2027-01-14,E,False
2572,524,34.58588579752693,2027-01-15,C,True
2573,909,3.52151735255235,2027-01-16,E,True
2574,537,74.61796385522723,2027-01-17,B,True
2575,301,80.20382702828685,2027-01-18,B,True
2576,243,16.059369504330856,2027-01-19,C,False
2577,122,53.73404968431812,2027-01-20,E,False
2578,147,19.195543899572577,2027-01-21,B,False
2579,567,71.92344190441467,2027-01-22,C,False
2580,750,27.155045517748565,2027-01-23,E,False
2581,356,31.621512256333006,2027-01-24,C,False
2582,685,84.49708536401013,2027-01-25,E,False
2583,904,47.63223522069043,2027-01-26,B,True
2584,733,66.97544512182478,2027-01-27,C,False
2585,631,40.23730507224676,2027-01-28,B,False
2586,309,29.80068571937554,2027-01-29,C,False
2587,695,62.547806042466135,2027-01-30,A,True
2588,288,15.485757407882128,2027-01-31,B,False
2589,307,,2027-02-01,B,True
2590,812,,2027-02-02,D,True
2591,594,69.57949669407455,2027-02-03,B,False
2592,966,94.42088383461076,2027-02-04,E,False
2593,914,99.55109680158664,2027-02-05,C,True
2594,723,,2027-02-06,A,True
2595,662,25.253038963644446,2027-02-07,E,True
2596,549,44.282937038432415,2027-02-08,E,True
2597,352,84.72694099627238,2027-02-09,E,False
2598,312,20.600567855203987,2027-02-10,N,True
2599,873,95.20956516529237,2027-02-11,A,False
2600,59,34.1865768798151,2027-02-12,D,False
2601,643,98.5803659450305,2027-02-13,B,True
2602,924,83.86088875339622,2027-02-14,E,False
2603,714,80.85705341473903,2027-02-15,B,True
2604,755,31.79046737732836,2027-02-16,B,True
2605,35,0.8777211947929464,2027-02-17,E,True
2606,445,,2027-02-18,D,False
2607,93,30.180936966269368,2027-02-19,B,False
2608,950,,2027-02-20,C,True
2609,959,50.536525650592964,2027-02-21,B,False
2610,207,40.30313112827366,2027-02-22,E,False
2611,353,63.45564677415248,2027-02-23,A,False
2612,903,62.11863221940832,2027-02-24,B,False
2613,332,12.074663589668011,2027-02-25,D,False
2614,817,97.69655461266225,2027-02-26,N,True
2615,862,18.693142944144693,2027-02-27,C,False
2616,725,44.527402476470456,2027-02-28,A,False
2617,159,48.811754343373494,2027-03-01,A,True
2618,954,81.30627972141201,2027-03-02,B,False
2619,957,9.922959609464677,2027-03-03,E,False
2620,24,42.864427920853174,2027-03-04,D,False
2621,404,62.85021702362039,2027-03-05,C,True
2622,805,21.515562162405555,2027-03-06,A,False
2623,516,62.74678987660728,2027-03-07,D,False
2624,732,92.36648375496527,2027-03-08,E,True
2625,364,99.7518131172675,2027-03-09,C,False
2626,382,3.2451076790675715,2027-03-10,C,False
2627,532,23.55882282446775,2027-03-11,E,True
2628,956,31.030711579169747,2027-03-12,C,True
2629,152,39.91261004449661,2027-03-13,E,True
2630,562,24.22571575847674,2027-03-14,C,False
2631,689,20.348799455531253,2027-03-15,B,False
2632,947,95.45538424175,2027-03-16,E,False
2633,608,91.85216027705178,2027-03-17,D,True
2634,617,4.6992501003117475,2027-03-18,B,True
2635,420,33.881302160484815,2027-03-19,D,False
2636,250,40.51485536784066,2027-03-20,C,False
2637,117,23.901453466594337,2027-03-21,D,True
2638,866,62.88728969881755,2027-03-22,B,False
2639,512,64.0380746644241,2027-03-23,E,True
2640,740,85.05042283285971,2027-03-24,A,False
2641,578,74.08692683852178,2027-03-25,D,False
2642,335,54.25733269659556,2027-03-26,A,True
2643,418,65.35867700444199,2027-03-27,D,False
2644,932,27.39887815430181,2027-03-28,D,False
2645,774,59.30561899673577,2027-03-29,E,False
2646,295,48.92272547499192,2027-03-30,C,True
2647,938,13.33444673163704,2027-03-31,B,False
2648,755,24.25442765829707,2027-04-01,B,False
2649,371,29.169345072158603,2027-04-02,N,True
2650,186,92.4309567052558,2027-04-03,C,False
2651,246,23.038663938588943,2027-04-04,A,False
2652,637,28.924390281966815,2027-04-05,B,False
2653,268,,2027-04-06,A,True
2654,643,66.3742738625387,2027-04-07,C,True
2655,237,11.823839247214051,2027-04-08,C,False
2656,530,95.3945212493776,2027-04-09,E,False
2657,552,86.55712200947644,2027-04-10,B,True
2658,21,57.721607300895016,2027-04-11,E,True
2659,911,67.40378674249567,2027-04-12,B,False
2660,737,1.666047124421599,2027-04-13,C,False
2661,867,33.89447753484487,2027-04-14,C,False
2662,794,79.5660230661442,2027-04-15,D,False
2663,520,,2027-04-16,D,False
2664,100,28.23138342107202,2027-04-17,C,False
2665,752,58.52968283343113,2027-04-18,C,False
2666,478,25.641302769894182,2027-04-19,A,True
2667,599,93.39779741445192,2027-04-20,A,True
2668,298,,2027-04-21,E,False
2669,940,79.73943579077786,2027-04-22,D,False
2670,526,50.794869190640824,2027-04-23,D,False
2671,334,75.0330775819956,2027-04-24,C,False
2672,2,31.071532831144744,2027-04-25,C,True
2673,375,51.44896023120388,2027-04-26,E,False
2674,293,85.68353497231763,2027-04-27,D,False
2675,837,46.68780991231044,2027-04-28,A,True
2676,934,35.971986191026964,2027-04-29,B,True
2677,553,53.61553862527361,2027-04-30,E,False
2678,318,71.73627530363669,2027-05-01,B,True
2679,502,44.356334549850274,2027-05-02,A,True
2680,828,93.8876975142273,2027-05-03,A,False
2681,381,29.494582404234205,2027-05-04,B,False
2682,623,47.54636061691204,2027-05-05,E,True
2683,14,75.69276593414415,2027-05-06,B,False
2684,504,68.91210904957582,2027-05-07,E,False
2685,231,86.36410524171562,2027-05-08,E,True
2686,985,99.68091806811088,2027-05-09,C,True
2687,84,42.68583287950896,2027-05-10,D,False
2688,130,11.115087978331184,2027-05-11,D,False
2689,743,3.0415880807967977,2027-05-12,A,True
2690,838,72.68769061397717,2027-05-13,C,True
2691,145,,2027-05-14,D,False
2692,891,22.07125859444187,2027-05-15,E,True
2693,857,15.844803718990597,2027-05-16,E,True
2694,28,6.2205091525690985,2027-05-17,B,False
2695,66,82.27029217172064,2027-05-18,B,False
2696,163,,2027-05-19,E,False
2697,229,40.169689275977646,2027-05-20,E,False
2698,261,50.27501916096123,2027-05-21,N,True
2699,449,83.94532342095508,2027-05-22,N,False
2700,424,65.0833221561485,2027-05-23,A,False
2701,460,61.50646298578113,2027-05-24,B,True
2702,952,17.56720999559107,2027-05-25,D,True
2703,676,51.318989170982974,2027-05-26,D,True
2704,301,71.53810171786552,2027-05-27,D,False
2705,919,97.32608830304918,2027-05-28,C,True
2706,303,20.140630921335223,2027-05-29,C,False
2707,287,0.9543353067226645,2027-05-30,D,True
2708,395,7.530143359846974,2027-05-31,E,False
2709,10,37.58524651819792,2027-06-01,C,True
2710,707,82.05446477459871,2027-06-02,B,False
2711,630,0.7142081768245045,2027-06-03,C,False
2712,270,45.67305928858403,2027-06-04,E,True
2713,592,32.92306153413945,2027-06-05,A,True
2714,970,5.248171009972758,2027-06-06,C,False
2715,605,45.023628667261725,2027-06-07,D,True
2716,778,25.474870733671885,2027-06-08,D,False
2717,844,35.18848343470064,2027-06-09,D,False
2718,862,70.5615304784293,2027-06-10,A,False
2719,361,52.15509839109671,2027-06-11,E,True
2720,257,12.464742899281333,2027-06-12,B,False
2721,133,96.1414540423639,2027-06-13,E,False
2722,276,63.59107657097384,2027-06-14,A,False
2723,776,76.58684256625315,2027-06-15,D,False
2724,683,7.921315000837081,2027-06-16,E,True
2725,972,4.705837946001889,2027-06-17,B,True
2726,513,1.9448050368081171,2027-06-18,D,False
2727,313,18.879402777344445,2027-06-19,B,True
2728,576,,2027-06-20,C,True
2729,886,93.58261334028228,2027-06-21,B,False
2730,980,45.70596592657763,2027-06-22,D,True
2731,284,29.02551053725294,2027-06-23,C,True
2732,121,56.193525351966336,2027-06-24,D,True
2733,107,11.193457813478924,2027-06-25,D,True
2734,933,60.95058910049832,2027-06-26,C,True
2735,687,56.84319543305033,2027-06-27,B,True
2736,997,79.19930334057096,2027-06-28,A,False
2737,204,98.6687611617024,2027-06-29,A,True
2738,165,25.08734717161105,2027-06-30,A,False
2739,305,50.96564508037606,2027-07-01,A,False
2740,497,90.88654063190036,2027-07-02,E,False
2741,632,78.51898844228413,2027-07-03,A,True
2742,556,48.74063031008076,2027-07-04,C,True
2743,824,94.53716496147779,2027-07-05,A,False
2744,156,5.723669351680938,2027-07-06,D,False
2745,367,93.0998619712584,2027-07-07,A,False
2746,719,5.050739238280655,2027-07-08,N,True
2747,902,,2027-07-09,C,True
2748,620,89.04409480010858,2027-07-10,C,True
2749,251,26.27209435613028,2027-07-11,E,False
2750,957,47.224849894515856,2027-07-12,D,True
2751,916,32.43288791369666,2027-07-13,C,True
2752,882,,2027-07-14,B,False
2753,334,82.36455947530908,2027-07-15,A,False
2754,642,,2027-07-16,C,False
2755,969,58.76269866151087,2027-07-17,B,True
2756,511,82.05917893241481,2027-07-18,A,False
2757,293,39.226704152354706,2027-07-19,E,True
2758,20,44.75518551060619,2027-07-20,C,False
2759,282,73.00017210808615,2027-07-21,C,True
2760,797,35.77547632937142,2027-07-22,B,False
2761,1,6.390094204837382,2027-07-23,D,False
2762,119,7.433460888607146,2027-07-24,E,True
2763,35,11.536280130570386,2027-07-25,D,True
2764,198,86.96813233436627,2027-07-26,C,False
2765,485,47.22264257562043,2027-07-27,D,True
2766,757,71.28823693447364,2027-07-28,A,False
2767,59,39.29093356048933,2027-07-29,E,False
2768,837,25.87109474156345,2027-07-30,D,True
2769,161,34.71921675622119,2027-07-31,A,True
2770,691,79.41823453171835,2027-08-01,B,True
2771,206,62.52161250314382,2027-08-02,D,False
2772,12,93.7639779957902,2027-08-03,E,False
2773,490,67.97047785768339,2027-08-04,A,True
2774,276,57.0181631754694,2027-08-05,D,False
2775,693,61.01960089858345,2027-08-06,B,False
2776,242,94.23714394684146,2027-08-07,D,True
2777,216,78.8200929866706,2027-08-08,A,False
2778,251,2.4041237366437818,2027-08-09,D,False
2779,811,53.41396961356972,2027-08-10,E,False
2780,126,68.83384115465648,2027-08-11,C,True
2781,994,74.86984784391551,2027-08-12,N,True
2782,217,21.314211931393668,2027-08-13,A,False
2783,306,86.71773544513522,2027-08-14,A,True
2784,797,,2027-08-15,A,False
2785,185,23.671530584486977,2027-08-16,D,True
2786,39,88.26154575172458,2027-08-17,E,False
2787,223,9.69787625160954,2027-08-18,B,False
2788,184,5.570683611524519,2027-08-19,E,False
2789,495,,2027-08-20,A,False
2790,427,5.7741079467036,2027-08-21,D,True
2791,178,84.5012237155776,2027-08-22,D,False
2792,919,5.905014445827195,2027-08-23,A,False
2793,428,27.166419136365548,2027-08-24,D,True
2794,294,10.375634353585639,2027-08-25,A,True
2795,852,29.542203631376495,2027-08-26,E,False
2796,151,9.055946760092048,2027-08-27,C,False
2797,384,66.8003250743014,2027-08-28,D,True
2798,638,13.332681634257515,2027-08-29,A,False
2799,813,85.18459258388879,2027-08-30,A,False
2800,308,81.7191050726641,2027-08-31,D,False
2801,336,1.366168547060942,2027-09-01,B,False
2802,946,89.57263555151145,2027-09-02,A,False
2803,746,2.894431674336706,2027-09-03,D,False
2804,892,23.96457849575566,2027-09-04,A,False
2805,375,,2027-09-05,B,False
2806,8,33.584348703931596,2027-09-06,C,False
2807,341,51.38665257132716,2027-09-07,B,False
2808,129,79.66448690151381,2027-09-08,E,True
2809,776,33.79815504698362,2027-09-09,D,True
2810,669,70.54900246731167,2027-09-10,B,False
2811,352,18.750445711898035,2027-09-11,C,False
2812,358,,2027-09-12,A,False
2813,517,23.599660590923754,2027-09-13,N,True
2814,495,14.354475594376792,2027-09-14,B,True
2815,86,18.54088503740543,2027-09-15,C,False
2816,175,18.20631288818554,2027-09-16,B,True
2817,802,51.286287937699115,2027-09-17,E,True
2818,193,84.4797581188146,2027-09-18,D,False
2819,311,7.960507699250563,2027-09-19,A,False
2820,119,70.69563184934226,2027-09-20,C,True
2821,218,65.43464596528577,2027-09-21,B,False
2822,427,87.25199518293624,2027-09-22,D,True
2823,970,24.414756050690723,2027-09-23,B,True
2824,414,45.010985868502964,2027-09-24,D,True
2825,114,92.58273744435174,2027-09-25,E,False
2826,978,65.99934501353172,2027-09-26,B,True
2827,145,38.87684128615969,2027-09-27,E,True
2828,538,,2027-09-28,C,False
2829,648,,2027-09-29,E,False
2830,303,58.121547748938326,2027-09-30,N,True
2831,744,71.81679475605137,2027-10-01,C,False
2832,881,12.442188685189349,2027-10-02,B,False
2833,588,59.9597260044054,2027-10-03,B,False
2834,987,55.0351278838751,2027-10-04,D,False
2835,840,51.3955446690708,2027-10-05,A,True
2836,345,69.01231176820079,2027-10-06,A,False
2837,814,83.74495950834618,2027-10-07,B,False
2838,964,32.298968317686835,2027-10-08,D,True
2839,801,88.90121901109595,2027-10-09,A,True
2840,1,16.063361261855068,2027-10-10,E,False
2841,147,17.302386975116434,2027-10-11,B,False
2842,287,26.67720636239239,2027-10-12,E,False
2843,976,11.953086954707782,2027-10-13,D,True
2844,654,23.031922468287757,2027-10-14,E,False
2845,53,10.64117629028446,2027-10-15,A,True
2846,304,82.17524169853904,2027-10-16,A,False
2847,69,13.89689918866246,2027-10-17,C,False
2848,361,,2027-10-18,B,False
2849,602,4.791386791333374,2027-10-19,D,False
2850,958,94.85203275139152,2027-10-20,B,False
2851,220,71.11600875277662,2027-10-21,E,True
2852,962,,2027-10-22,D,True
2853,704,76.3856500200214,2027-10-23,D,True
2854,966,51.40819207661853,2027-10-24,A,False
2855,575,77.93651703351198,2027-10-25,N,True
2856,585,52.249680889058844,2027-10-26,A,True
2857,161,64.10248576353547,2027-10-27,A,False
2858,681,,2027-10-28,C,False
2859,89,40.51080545878567,2027-10-29,A,True
2860,688,0.2708149820452088,2027-10-30,B,True
2861,781,84.99464959451885,2027-10-31,D,True
2862,585,38.08903626246626,2027-11-01,A,True
2863,757,49.60427260165831,2027-11-02,B,True
2864,589,0.7766642153968717,2027-11-03,E,True
2865,159,49.2092010350098,2027-11-04,D,True
2866,489,98.64874015717295,2027-11-05,E,False
2867,971,,2027-11-06,B,True
2868,324,,2027-11-07,E,False
2869,610,68.71899964686766,2027-11-08,E,False
2870,381,81.47936675236586,2027-11-09,E,False
2871,102,41.73916240061003,2027-11-10,A,True
2872,494,30.966887040129254,2027-11-11,A,True
2873,644,93.7825799985067,2027-11-12,A,False
2874,614,67.71449666716693,2027-11-13,D,False
2875,19,,2027-11-14,B,True
2876,454,6.892787813464862,2027-11-15,A,False
2877,482,48.35498507903691,2027-11-16,E,True
2878,594,22.009006604727244,2027-11-17,E,False
2879,397,25.39847533762535,2027-11-18,E,False
2880,279,87.76921788278483,2027-11-19,E,False
2881,851,8.956602431631067,2027-11-20,C,False
2882,365,,2027-11-21,D,True
2883,331,27.114225338058805,2027-11-22,B,False
2884,641,76.03282214041377,2027-11-23,B,True
2885,344,,2027-11-24,A,True
2886,822,0.7391901444293025,2027-11-25,C,True
2887,455,50.91354129215991,2027-11-26,B,True
2888,601,13.931948237804637,2027-11-27,D,False
2889,725,86.62270305786768,2027-11-28,E,False
2890,655,87.15858828624066,2027-11-29,A,False
2891,65,,2027-11-30,D,False
2892,76,44.43956184510805,2027-12-01,B,False
2893,711,30.32829394045271,2027-12-02,C,True
2894,143,71.6606298960031,2027-12-03,A,False
2895,917,35.86613630264591,2027-12-04,B,True
2896,915,26.779247452263377,2027-12-05,A,True
2897,828,43.22310595045082,2027-12-06,B,False
2898,605,9.148751838745872,2027-12-07,E,True
2899,473,74.66032046442038,2027-12-08,C,True
2900,417,1.2596401271786961,2027-12-09,E,False
2901,305,64.4485061520594,2027-12-10,B,False
2902,736,18.28645267548724,2027-12-11,D,False
2903,497,23.240404621441314,2027-12-12,E,True
2904,291,,2027-12-13,D,False
2905,940,99.29434657829071,2027-12-14,B,False
2906,102,77.77174890725507,2027-12-15,C,True
2907,986,22.5839632223392,2027-12-16,D,False
2908,267,17.60247550411338,2027-12-17,B,True
2909,867,86.62328702676703,2027-12-18,D,True
2910,968,44.41839479215043,2027-12-19,E,False
2911,622,13.705280282815547,2027-12-20,B,True
2912,974,86.2211423321938,2027-12-21,E,True
2913,842,81.60923529142615,2027-12-22,A,False
2914,962,98.39063638971636,2027-12-23,B,False
2915,942,90.9743686712684,2027-12-24,D,False
2916,777,85.17903386605417,2027-12-25,A,False
2917,3,5.257439781100315,2027-12-26,E,True
2918,85,,2027-12-27,E,False
2919,794,56.89831943041228,2027-12-28,D,False
2920,328,53.14792462818209,2027-12-29,A,False
2921,816,45.79632144895355,2027-12-30,C,True
2922,450,39.67893254145842,2027-12-31,D,False
2923,454,43.12104848643289,2028-01-01,E,True
2924,924,56.92979341347952,2028-01-02,B,False
2925,629,0.2076517600081207,2028-01-03,A,True
2926,221,26.07087741328522,2028-01-04,C,True
2927,154,51.827972068871105,2028-01-05,B,False
2928,665,72.22160986736462,2028-01-06,N,True
2929,12,17.415669239539632,2028-01-07,D,True
2930,133,54.68811737874329,2028-01-08,D,False
2931,994,,2028-01-09,A,False
2932,304,44.46276579139047,2028-01-10,C,True
2933,293,2.708113367005105,2028-01-11,A,True
2934,975,44.92681584656367,2028-01-12,B,True
2935,300,29.64448877441531,2028-01-13,B,False
2936,740,92.96496077013283,2028-01-14,D,True
2937,783,12.461338567832737,2028-01-15,A,True
2938,43,65.24759555072322,2028-01-16,D,False
2939,944,5.271976633450115,2028-01-17,C,False
2940,343,,2028-01-18,B,False
2941,326,55.39794872200806,2028-01-19,E,False
2942,814,29.795493131686545,2028-01-20,E,False
2943,498,45.50756355203844,2028-01-21,A,True
2944,364,16.355379453018738,2028-01-22,A,True
2945,891,30.412384946803616,2028-01-23,E,True
2946,427,62.110632491020304,2028-01-24,A,False
2947,21,30.18000558611551,2028-01-25,B,False
2948,407,89.97430784088716,2028-01-26,C,False
2949,619,62.840695764098975,2028-01-27,C,True
2950,336,43.864901843598446,2028-01-28,D,False
2951,815,3.875693555418247,2028-01-29,B,False
2952,117,49.954833520467126,2028-01-30,A,False
2953,124,76.47762421250891,2028-01-31,A,True
2954,399,26.555759801241365,2028-02-01,D,False
2955,793,80.67735696487674,2028-02-02,D,False
2956,804,25.18067660508815,2028-02-03,A,True
2957,715,82.37463879508005,2028-02-04,A,False
2958,51,8.52683416116774,2028-02-05,B,False
2959,783,86.61837088690295,2028-02-06,D,False
2960,324,49.91864509333305,2028-02-07,B,True
2961,789,29.6537589620262,2028-02-08,A,False
2962,141,26.511325041514876,2028-02-09,E,False
2963,470,43.20105589303627,2028-02-10,E,True
2964,787,99.9049498103645,2028-02-11,A,True
2965,802,22.032739343758255,2028-02-12,D,False
2966,334,10.321664887899962,2028-02-13,E,True
2967,893,58.50351687186619,2028-02-14,D,False
2968,964,48.854246644025714,2028-02-15,E,True
2969,373,52.419627106330736,2028-02-16,D,False
2970,564,66.69354175572171,2028-02-17,E,False
2971,494,26.714406987064933,2028-02-18,D,False
2972,539,91.06649953838884,2028-02-19,N,True
2973,669,43.567206612229036,2028-02-20,D,True
2974,751,12.908619514246178,2028-02-21,N,False
2975,156,74.22987567339443,2028-02-22,B,False
2976,291,64.31043526178503,2028-02-23,A,False
2977,648,31.574340248403708,2028-02-24,B,False
2978,144,62.15187240340485,2028-02-25,N,True
2979,106,21.986195636897687,2028-02-26,B,True
2980,420,44.48393593405295,2028-02-27,N,False
2981,670,89.94125221673252,2028-02-28,B,True
2982,658,13.353423316074942,2028-02-29,D,True
2983,2,38.6696449987462,2028-03-01,D,True
2984,945,82.11424247203473,2028-03-02,C,False
2985,589,96.94908994061781,2028-03-03,B,False
2986,644,45.39261364217959,2028-03-04,B,True
2987,90,50.699962014334744,2028-03-05,E,True
2988,345,57.21719617837697,2028-03-06,E,False
2989,350,93.23481416337108,2028-03-07,A,False
2990,459,85.82067909770298,2028-03-08,D,False
2991,263,17.060112462164433,2028-03-09,C,True
2992,351,43.6757817847075,2028-03-10,E,True
2993,108,46.40004281964263,2028-03-11,B,True
2994,586,78.90961116487567,2028-03-12,A,False
2995,39,60.28928826054353,2028-03-13,N,False
2996,909,,2028-03-14,B,False
2997,159,99.81999076656176,2028-03-15,B,False
2998,583,7.496004347001306,2028-03-16,D,False
2999,959,22.3009823533733,2028-03-17,D,True
3000,312,40.78959373715468,2028-03-18,E,True
3001,241,34.77824030488872,2028-03-19,E,True
3002,938,2.164556134698359,2028-03-20,B,False
3003,445,9.177760647117584,2028-03-21,B,True
3004,298,68.09532914035762,2028-03-22,E,False
3005,952,,2028-03-23,E,True
3006,36,51.42270112659776,2028-03-24,B,True
3007,84,53.9191079513633,2028-03-25,C,False
3008,452,25.50934328323794,2028-03-26,B,True
3009,886,76.78763636337113,2028-03-27,C,True
3010,775,75.17945873672564,2028-03-28,C,True
3011,822,58.83656892176566,2028-03-29,B,True
3012,385,21.266428651134284,2028-03-30,A,True
3013,172,9.701821823708945,2028-03-31,E,True
3014,376,6.4238575857125895,2028-04-01,D,True
3015,685,59.26960666428778,2028-04-02,B,False
3016,362,82.50353191428,2028-04-03,C,True
3017,559,85.83304317809248,2028-04-04,N,False
3018,891,46.36220743434498,2028-04-05,E,True
3019,141,78.4271299306717,2028-04-06,C,False
3020,887,94.68801963410236,2028-04-07,D,False
3021,918,27.5170112488068,2028-04-08,D,True
3022,118,39.79603463807572,2028-04-09,D,False
3023,277,93.14789925966807,2028-04-10,A,False
3024,726,33.823096731728484,2028-04-11,C,True
3025,220,91.38762903217963,2028-04-12,C,False
3026,905,98.10448622544658,2028-04-13,A,True
3027,26,66.18107285744247,2028-04-14,C,False
3028,521,81.68902895041683,2028-04-15,A,False
3029,783,74.95455642210852,2028-04-16,B,False
3030,10,69.95342576155238,2028-04-17,E,False
3031,984,30.693107298123255,2028-04-18,D,True
3032,378,5.709433790794371,2028-04-19,A,True
3033,633,34.30517325196506,2028-04-20,A,True
3034,637,,2028-04-21,A,True
3035,682,10.252919822780138,2028-04-22,B,True
3036,584,1.1917982978242092,2028-04-23,A,False
3037,152,13.969237260293866,2028-04-24,E,True
3038,720,71.57359264107953,2028-04-25,N,False
3039,49,97.2793701656444,2028-04-26,D,False
3040,154,98.30646996148205,2028-04-27,B,True
3041,859,49.39791491401879,2028-04-28,E,True
3042,293,86.93523009923474,2028-04-29,C,True
3043,580,73.6826455751504,2028-04-30,C,False
3044,50,50.104023698460345,2028-05-01,C,True
3045,664,57.276053295508675,2028-05-02,A,False
3046,531,13.722714661687107,2028-05-03,A,False
3047,612,93.7661460616592,2028-05-04,C,True
3048,60,35.19297707317768,2028-05-05,D,False
3049,167,44.61492564571695,2028-05-06,N,False
3050,202,67.16602309978987,2028-05-07,A,True
3051,857,33.39024715265539,2028-05-08,C,False
3052,146,25.425916098893055,2028-05-09,D,True
3053,915,63.10493932702206,2028-05-10,A,True
3054,676,2.498408228184945,2028-05-11,C,False
3055,970,72.07251120266788,2028-05-12,B,False
3056,993,51.402336987650976,2028-05-13,C,False
3057,439,60.57537305209344,2028-05-14,C,False
3058,242,63.188015924688514,2028-05-15,E,False
3059,581,52.70501564925637,2028-05-16,E,False
3060,687,58.253377744073596,2028-05-17,B,False
3061,561,68.37882008898745,2028-05-18,B,True
3062,483,75.31188471796742,2028-05-19,C,True
3063,108,72.74523912861206,2028-05-20,D,True
3064,226,86.96164577322617,2028-05-21,B,False
3065,673,18.944343316740277,2028-05-22,C,False
3066,631,40.114796949179755,2028-05-23,A,False
3067,661,94.7796066014457,2028-05-24,E,True
3068,977,39.65905743863297,2028-05-25,D,True
3069,662,,2028-05-26,C,True
3070,432,52.54451263621795,2028-05-27,A,False
3071,805,10.949097255446215,2028-05-28,E,False
3072,655,20.28532387278652,2028-05-29,A,True
3073,419,99.83187565709567,2028-05-30,C,False
3074,988,,2028-05-31,B,True
3075,455,28.405838904042902,2028-06-01,E,False
3076,160,99.4774954573906,2028-06-02,A,True
3077,523,96.65589185551433,2028-06-03,B,False
3078,650,44.073904108426355,2028-06-04,D,True
3079,969,26.04031087879084,2028-06-05,C,False
3080,590,83.839963809219,2028-06-06,C,False
3081,77,71.56207169717858,2028-06-07,E,True
3082,509,68.69414350035103,2028-06-08,A,True
3083,441,89.31137413224725,2028-06-09,D,False
3084,254,68.94171338713247,2028-06-10,E,False
3085,921,28.379794304154913,2028-06-11,E,False
3086,770,69.38631618757323,2028-06-12,A,False
3087,320,30.581351128366396,2028-06-13,N,False
3088,803,75.92389796569951,2028-06-14,A,True
3089,263,,2028-06-15,C,False
3090,597,7.741155198475058,2028-06-16,B,True
3091,658,51.283536243514206,2028-06-17,C,False
3092,835,,2028-06-18,C,True
3093,554,32.85706327322943,2028-06-19,E,False
3094,374,60.225630237725724,2028-06-20,C,True
3095,637,32.23248244694249,2028-06-21,D,True
3096,167,77.68937482048727,2028-06-22,C,False
3097,937,7.079143601117444,2028-06-23,D,False
3098,753,66.03882523958255,2028-06-24,A,True
3099,459,80.91948036567412,2028-06-25,E,True
3100,999,67.283168992043,2028-06-26,D,True
3101,280,49.72291950199958,2028-06-27,C,False
3102,700,95.03070137361811,2028-06-28,E,False
3103,302,29.99384897980636,2028-06-29,E,False
3104,531,1.9167887524977778,2028-06-30,D,False
3105,580,43.198937146344086,2028-07-01,D,True
3106,218,3.301193590032725,2028-07-02,B,False
3107,102,95.39367525264088,2028-07-03,B,False
3108,554,20.99180457480515,2028-07-04,E,False
3109,288,78.89270239488795,2028-07-05,B,False
3110,167,77.45720831743648,2028-07-06,C,False
3111,621,,2028-07-07,A,True
3112,36,62.12265304801673,2028-07-08,E,False
3113,744,4.807896848645021,2028-07-09,A,True
3114,741,48.35745857038675,2028-07-10,B,False
3115,353,1.4647127272486737,2028-07-11,D,False
3116,676,92.11438801808418,2028-07-12,E,False
3117,899,97.60860241995717,2028-07-13,B,False
3118,73,22.228276663858527,2028-07-14,C,True
3119,648,20.810603459637278,2028-07-15,E,True
3120,353,75.37201765621296,2028-07-16,E,False
3121,891,25.337939882933448,2028-07-17,D,True
3122,70,89.5076559161845,2028-07-18,E,True
3123,425,57.39291361229822,2028-07-19,D,False
3124,999,,2028-07-20,N,True
3125,708,83.26937463494201,2028-07-21,C,True
3126,781,49.34067004133952,2028-07-22,C,False
3127,561,91.16329137084756,2028-07-23,E,False
3128,828,92.8014236729381,2028-07-24,N,True
3129,642,16.542015212840933,2028-07-25,B,False
3130,956,0.23234061319302723,2028-07-26,D,False
3131,517,98.39309401424022,2028-07-27,C,False
3132,428,90.61375361274794,2028-07-28,D,True
3133,539,5.544523570384142,2028-07-29,B,False
3134,160,83.30342639410699,2028-07-30,C,False
3135,149,45.78049325592066,2028-07-31,C,True
3136,776,25.896160502497523,2028-08-01,A,True
3137,230,87.87465236769299,2028-08-02,B,True
3138,712,19.666723239030727,2028-08-03,B,True
3139,562,94.7299999420067,2028-08-04,A,True
3140,67,20.562148769934108,2028-08-05,D,False
3141,812,61.36831877287435,2028-08-06,A,False
3142,381,22.308633452897485,2028-08-07,B,False
3143,58,54.566866496863476,2028-08-08,D,True
3144,259,68.39751299151413,2028-08-09,C,False
3145,342,19.022793082013756,2028-08-10,A,False
3146,838,,2028-08-11,N,True
3147,130,46.9059744390119,2028-08-12,D,True
3148,727,7.103742140334123,2028-08-13,D,True
3149,172,81.8307817675303,2028-08-14,A,True
3150,770,33.56824006428417,2028-08-15,C,True
3151,614,57.458219755187955,2028-08-16,D,True
3152,209,51.47842349331344,2028-08-17,N,False
3153,803,51.326050457044225,2028-08-18,B,False
3154,354,10.722239420848744,2028-08-19,A,False
3155,471,42.34820092493328,2028-08-20,A,False
3156,798,45.23667592065702,2028-08-21,A,False
3157,116,73.36428403644484,2028-08-22,D,True
3158,264,84.00188319206985,2028-08-23,A,True
3159,662,54.4982278100018,2028-08-24,B,False
3160,812,8.678295406499048,2028-08-25,D,False
3161,442,23.684947059654625,2028-08-26,B,True
3162,548,16.493402685273107,2028-08-27,N,True
3163,453,12.461506318912473,2028-08-28,A,True
3164,845,36.58992986178076,2028-08-29,D,True
3165,477,22.939350215438203,2028-08-30,D,False
3166,287,21.83031118115123,2028-08-31,A,False
3167,303,5.469317457626765,2028-09-01,C,True
3168,311,1.7670044795433881,2028-09-02,C,True
3169,208,10.27682426497818,2028-09-03,B,False
3170,618,17.219747942363306,2028-09-04,A,False
3171,446,43.098372884820314,2028-09-05,A,False
3172,670,51.05202612988447,2028-09-06,E,True
3173,633,14.059191817336558,2028-09-07,N,False
3174,55,42.478334152418626,2028-09-08,C,True
3175,912,34.17488423259273,2028-09-09,A,True
3176,12,18.342364349795602,2028-09-10,B,True
3177,657,0.6840748148363551,2028-09-11,A,False
3178,400,46.70178665217417,2028-09-12,B,False
3179,908,68.56517492651993,2028-09-13,C,True
3180,648,22.627733414380703,2028-09-14,E,False
3181,980,13.180682989667936,2028-09-15,D,True
3182,515,88.70427444469618,2028-09-16,C,False
3183,656,27.502477248779776,2028-09-17,B,True
3184,542,22.361261979266477,2028-09-18,A,True
3185,237,85.70969396099159,2028-09-19,C,False
3186,279,81.71070991667612,2028-09-20,E,False
3187,348,44.83464705246336,2028-09-21,B,True
3188,627,48.92388614277745,2028-09-22,A,False
3189,104,21.774870483402196,2028-09-23,D,True
3190,630,,2028-09-24,B,True
3191,517,57.34318253556611,2028-09-25,A,True
3192,980,9.834492159021313,2028-09-26,D,True
3193,872,44.927454695664984,2028-09-27,A,True
3194,248,94.04971985130108,2028-09-28,D,True
3195,364,95.28343891705843,2028-09-29,D,False
3196,321,23.93322865473586,2028-09-30,D,True
3197,633,62.41134200456544,2028-10-01,A,False
3198,286,47.40762641078577,2028-10-02,D,False
3199,149,87.5685127586106,2028-10-03,B,True
3200,84,27.143086427605322,2028-10-04,E,True
3201,966,0.3702406832416849,2028-10-05,E,True
3202,406,16.25612059314151,2028-10-06,D,False
3203,978,34.952280116939804,2028-10-07,E,True
3204,456,31.57211297704886,2028-10-08,E,True
3205,743,79.1362919122886,2028-10-09,N,True
3206,800,68.05606661388379,2028-10-10,D,False
3207,161,29.955631961489726,2028-10-11,B,False
3208,784,45.774381716621335,2028-10-12,C,False
3209,460,9.555910395833521,2028-10-13,A,True
3210,550,89.81464448201008,2028-10-14,D,False
3211,500,93.54248244485342,2028-10-15,D,False
3212,738,97.98035353809381,2028-10-16,E,False
3213,509,86.85528307858377,2028-10-17,B,False
3214,654,17.39608876962255,2028-10-18,E,False
3215,804,4.6196483201628835,2028-10-19,D,True
3216,481,57.9596727412674,2028-10-20,D,True
3217,663,91.26050268831104,2028-10-21,E,True
3218,114,17.735136165974286,2028-10-22,D,True
3219,749,0.704291462414186,2028-10-23,C,False
3220,578,80.54960460322444,2028-10-24,A,False
3221,361,7.6795684286734005,2028-10-25,A,False
3222,341,41.37060319100304,2028-10-26,A,False
3223,770,67.8887337188785,2028-10-27,C,False
3224,987,23.679758545618014,2028-10-28,D,False
3225,761,8.39625634467267,2028-10-29,E,True
3226,969,77.00212284558286,2028-10-30,B,False
3227,449,63.017508488704145,2028-10-31,D,True
3228,843,98.84904844868048,2028-11-01,C,True
3229,835,34.43080333199593,2028-11-02,C,False
3230,180,6.17623862901997,2028-11-03,A,False
3231,702,,2028-11-04,N,False
3232,407,52.17334188532456,2028-11-05,A,True
3233,666,21.320393138913506,2028-11-06,B,False
3234,196,78.17289890047594,2028-11-07,A,False
3235,466,20.375548584994373,2028-11-08,B,True
3236,311,26.06616548329366,2028-11-09,C,False
3237,262,9.252855436671915,2028-11-10,A,False
3238,419,39.94322790308544,2028-11-11,A,False
3239,406,41.89292239374189,2028-11-12,E,False
3240,939,51.456179034829844,2028-11-13,C,False
3241,143,70.89642671237775,2028-11-14,E,True
3242,342,90.61009286804259,2028-11-15,B,False
3243,316,13.773409888780863,2028-11-16,B,False
3244,101,5.434809834865706,2028-11-17,C,True
3245,244,1.8531233594333285,2028-11-18,B,True
3246,490,14.362137806881625,2028-11-19,C,False
3247,12,65.79494857816259,2028-11-20,B,False
3248,239,72.74770779964966,2028-11-21,D,True
3249,561,78.65057135281222,2028-11-22,A,False
3250,42,24.370821190434267,2028-11-23,D,False
3251,678,30.58948132615199,2028-11-24,C,False
3252,594,48.313464556549945,2028-11-25,C,True
3253,429,6.3183096860226495,2028-11-26,D,False
3254,803,61.114152321124614,2028-11-27,A,False
3255,158,98.37350336757578,2028-11-28,N,True
3256,216,36.08063113780025,2028-11-29,E,False
3257,670,75.2847475091384,2028-11-30,B,False
3258,462,50.0033915569608,2028-12-01,E,False
3259,134,12.781184436038274,2028-12-02,A,False
3260,67,58.223744880258636,2028-12-03,D,True
3261,848,29.987426844406496,2028-12-04,B,True
3262,7,3.4403208453458234,2028-12-05,D,False
3263,948,,2028-12-06,E,False
3264,526,85.89323493247277,2028-12-07,C,False
3265,73,34.47697668998742,2028-12-08,D,False
3266,399,39.02955472127705,2028-12-09,E,True
3267,405,89.10216829672115,2028-12-10,E,True
3268,675,81.36088133673559,2028-12-11,E,True
3269,578,71.49528235517771,2028-12-12,C,False
3270,859,24.879706375314793,2028-12-13,C,False
3271,130,91.02166549666445,2028-12-14,C,False
3272,931,15.441575753921299,2028-12-15,B,True
3273,466,62.67705194172218,2028-12-16,C,True
3274,206,2.88011805465187,2028-12-17,C,True
3275,788,64.37198063249458,2028-12-18,C,True
3276,978,27.714435187335983,2028-12-19,D,True
3277,768,44.967697718372,2028-12-20,C,False
3278,266,34.52645520570531,2028-12-21,N,False
3279,537,17.27567562462099,2028-12-22,E,False
3280,962,62.198079009387406,2028-12-23,D,True
3281,793,88.19755551406074,2028-12-24,A,False
3282,253,95.90842422824034,2028-12-25,C,False
3283,822,19.234636315391505,2028-12-26,E,True
3284,289,71.73727740629734,2028-12-27,E,True
3285,164,66.43393666056822,2028-12-28,D,False
3286,95,34.33777895745725,2028-12-29,A,False
3287,782,1.9099199353725838,2028-12-30,B,True
3288,833,68.97912473128662,2028-12-31,E,False
3289,110,94.54948605595001,2029-01-01,E,False
3290,336,63.21201219156514,2029-01-02,E,True
3291,822,43.52927241876341,2029-01-03,E,False
3292,238,52.515389411162836,2029-01-04,N,True
3293,381,19.962880765991752,2029-01-05,A,True
3294,436,,2029-01-06,E,False
3295,899,74.64198300098491,2029-01-07,B,False
3296,483,14.551730038742495,2029-01-08,B,False
3297,937,87.7978382499659,2029-01-09,C,True
3298,902,26.918973947330528,2029-01-10,E,False
3299,25,98.22560609366148,2029-01-11,E,True
3300,653,38.290301403724584,2029-01-12,E,True
3301,117,17.788405873449964,2029-01-13,E,False
3302,482,35.17201113456523,2029-01-14,E,False
3303,392,44.01803286971931,2029-01-15,B,False
3304,917,6.930777303829483,2029-01-16,A,False
3305,994,57.82183812232895,2029-01-17,A,True
3306,964,59.76324398689003,2029-01-18,C,False
3307,537,73.89304553494722,2029-01-19,B,True
3308,79,2.9169892290743293,2029-01-20,E,False
3309,580,54.123821443383015,2029-01-21,A,False
3310,173,5.290743327066439,2029-01-22,D,False
3311,956,70.11442199666534,2029-01-23,D,True
3312,12,5.572798570098447,2029-01-24,D,False
3313,800,91.17278483416327,2029-01-25,E,True
3314,128,70.20825668844965,2029-01-26,E,False
3315,608,50.73897650851571,2029-01-27,C,False
3316,92,44.15039232811749,2029-01-28,N,True
3317,653,13.067263041326239,2029-01-29,C,True
3318,543,29.09993895646631,2029-01-30,D,False
3319,846,86.89591050208962,2029-01-31,E,False
3320,532,90.4452811562494,2029-02-01,D,True
3321,658,0.07477083705310639,2029-02-02,C,False
3322,989,59.41363914775513,2029-02-03,E,True
3323,828,71.93006090251136,2029-02-04,B,False
3324,447,61.87469824576063,2029-02-05,A,True
3325,390,8.167976486635398,2029-02-06,A,True
3326,672,21.772489879890223,2029-02-07,C,True
3327,861,25.034026738138603,2029-02-08,D,True
3328,43,83.17246313050897,2029-02-09,B,True
3329,254,46.31994363089205,2029-02-10,E,False
3330,130,48.68282119412368,2029-02-11,D,False
3331,60,93.48930465545085,2029-02-12,C,False
3332,663,63.70858888547155,2029-02-13,D,False
3333,467,89.86677015526638,2029-02-14,C,False
3334,287,45.650885534153296,2029-02-15,A,False
3335,517,14.943625851829424,2029-02-16,A,False
3336,467,92.99355940740857,2029-02-17,D,False
3337,930,45.87051156675383,2029-02-18,B,False
3338,778,18.163142187882187,2029-02-19,E,True
3339,345,30.239574030392223,2029-02-20,C,False
3340,642,5.080258968894224,2029-02-21,E,False
3341,382,46.830059145638515,2029-02-22,A,False
3342,779,85.31281719102365,2029-02-23,B,False
3343,690,93.35804560066893,2029-02-24,B,True
3344,253,93.26022075036437,2029-02-25,E,True
3345,927,12.523002562874675,2029-02-26,A,True
3346,56,38.205388251105695,2029-02-27,E,False
3347,463,2.822875965070637,2029-02-28,D,False
3348,457,85.51653449714728,2029-03-01,B,False
3349,983,35.87557620212738,2029-03-02,B,False
3350,83,63.11170278922348,2029-03-03,N,True
3351,905,71.48984380772886,2029-03-04,A,False
3352,99,42.98446697431554,2029-03-05,B,True
3353,149,30.6442336550243,2029-03-06,C,False
3354,329,96.22129101159447,2029-03-07,C,True
3355,156,96.44882250238543,2029-03-08,A,True
3356,190,28.943636803002192,2029-03-09,N,True
3357,494,47.962509674445805,2029-03-10,E,True
3358,883,97.28441586600223,2029-03-11,A,False
3359,263,0.48684076555032263,2029-03-12,E,False
3360,80,41.26782483791492,2029-03-13,A,True
3361,400,10.045754968096842,2029-03-14,C,False
3362,764,50.91579655626026,2029-03-15,D,False
3363,609,2.466995454048715,2029-03-16,C,True
3364,260,40.68984313906279,2029-03-17,D,False
3365,772,22.069907478533512,2029-03-18,E,False
3366,615,,2029-03-19,A,False
3367,552,99.59936491006997,2029-03-20,B,True
3368,785,80.05361051267477,2029-03-21,B,False
3369,101,84.56420916244214,2029-03-22,D,True
3370,359,63.526498735908085,2029-03-23,D,True
3371,380,4.155984827225856,2029-03-24,C,True
3372,820,20.679767604414412,2029-03-25,B,False
3373,221,92.5064556447055,2029-03-26,C,False
3374,820,36.61131179287512,2029-03-27,E,False
3375,420,10.363672648079557,2029-03-28,B,True
3376,124,70.2405365866202,2029-03-29,N,False
3377,422,29.945772393425464,2029-03-30,A,True
3378,231,,2029-03-31,C,False
3379,690,99.79774555582604,2029-04-01,D,True
3380,63,85.81389250266544,2029-04-02,B,False
3381,485,40.793781836784106,2029-04-03,C,False
3382,628,98.02612078164991,2029-04-04,D,False
3383,703,65.01132234192136,2029-04-05,A,True
3384,574,74.20224518797602,2029-04-06,B,True
3385,768,3.151304308221159,2029-04-07,E,False
3386,483,12.16052593480571,2029-04-08,A,True
3387,519,63.308512649623836,2029-04-09,D,True
3388,155,89.90239826494839,2029-04-10,B,True
3389,92,62.374372608759565,2029-04-11,B,False
3390,982,13.402489431899179,2029-04-12,A,False
3391,526,11.576004624632464,2029-04-13,B,False
3392,455,84.41858958240816,2029-04-14,N,True
3393,741,13.930233870791431,2029-04-15,A,False
3394,598,52.02319605040254,2029-04-16,E,True
3395,645,,2029-04-17,A,True
3396,510,,2029-04-18,A,False
3397,183,,2029-04-19,E,False
3398,386,68.91814104275167,2029-04-20,D,False
3399,574,34.14694066084424,2029-04-21,C,True
3400,731,21.560976524304476,2029-04-22,C,True
3401,405,81.3710270757308,2029-04-23,E,False
3402,246,,2029-04-24,D,True
3403,742,,2029-04-25,B,False
3404,591,96.82088408629055,2029-04-26,E,False
3405,661,14.785243786238379,2029-04-27,C,False
3406,650,94.08762674947089,2029-04-28,D,False
3407,471,18.289305306866865,2029-04-29,A,False
3408,826,56.74432080232295,2029-04-30,D,False
3409,888,37.70077119587446,2029-05-01,D,False
3410,423,96.4928601501826,2029-05-02,C,True
3411,901,27.35420290019369,2029-05-03,C,False
3412,65,39.96580020857537,2029-05-04,N,False
3413,13,98.28601178554204,2029-05-05,B,True
3414,213,53.64703911884732,2029-05-06,E,True
3415,986,50.26301156212535,2029-05-07,A,False
3416,242,25.77784882039913,2029-05-08,B,False
3417,493,70.13635603104414,2029-05-09,C,True
3418,213,1.4372951777777643,2029-05-10,D,False
3419,693,4.951262970229353,2029-05-11,E,True
3420,338,59.935858713580274,2029-05-12,B,False
3421,997,34.16745738184541,2029-05-13,D,True
3422,173,95.33163722009606,2029-05-14,D,False
3423,672,90.31906907227857,2029-05-15,B,False
3424,164,71.37062586767073,2029-05-16,A,False
3425,465,81.81455811278013,2029-05-17,A,False
3426,995,66.73318496676933,2029-05-18,E,False
3427,497,12.558210271016069,2029-05-19,A,True
3428,700,76.55433696892027,2029-05-20,E,True
3429,395,21.01919687188464,2029-05-21,C,True
3430,703,32.344285510019674,2029-05-22,B,True
3431,917,81.92342121024203,2029-05-23,D,False
3432,308,53.65256083934482,2029-05-24,E,False
3433,768,85.99407141834092,2029-05-25,A,False
3434,183,21.30353198432642,2029-05-26,E,False
3435,629,,2029-05-27,E,False
3436,794,8.379097254826162,2029-05-28,A,True
3437,510,64.30609935400297,2029-05-29,A,True
3438,708,76.25340377755347,2029-05-30,B,True
3439,546,58.49308939787217,2029-05-31,D,False
3440,564,26.623150149881024,2029-06-01,B,True
3441,624,3.134266885886672,2029-06-02,B,False
3442,764,11.944888396428578,2029-06-03,A,False
3443,594,62.23029790740262,2029-06-04,A,False
3444,744,93.44202168425137,2029-06-05,D,False
3445,227,20.65344039720064,2029-06-06,E,False
3446,745,73.50261491050988,2029-06-07,B,True
3447,733,86.64510632490415,2029-06-08,D,True
3448,436,,2029-06-09,B,True
3449,925,66.92657958436577,2029-06-10,E,True
3450,422,81.50153166761481,2029-06-11,B,False
3451,554,26.06751577405936,2029-06-12,C,False
3452,21,,2029-06-13,D,False
3453,554,0.06275166284561706,2029-06-14,A,False
3454,397,,2029-06-15,B,True
3455,625,91.75448945963448,2029-06-16,D,True
3456,105,,2029-06-17,D,True
3457,192,7.907602097664812,2029-06-18,B,False
3458,17,44.750288969950816,2029-06-19,A,False
3459,120,10.189175397155282,2029-06-20,N,False
3460,393,1.5920267262798604,2029-06-21,B,True
3461,425,61.61829652125973,2029-06-22,D,True
3462,129,96.08294170801884,2029-06-23,A,True
3463,130,90.28680234321502,2029-06-24,B,True
3464,572,69.67548149354043,2029-06-25,B,False
3465,560,9.664058416487142,2029-06-26,B,True
3466,29,27.416403767230012,2029-06-27,D,False
3467,97,32.005672688529096,2029-06-28,N,False
3468,10,76.31500577455613,2029-06-29,D,True
3469,242,80.22491792351141,2029-06-30,C,True
3470,826,,2029-07-01,N,False
3471,956,,2029-07-02,D,False
3472,232,4.450903927617134,2029-07-03,A,True
3473,789,28.9136718418761,2029-07-04,C,False
3474,284,45.12851771776399,2029-07-05,E,True
3475,715,11.698304638525759,2029-07-06,B,True
3476,759,45.326746075502136,2029-07-07,D,False
3477,802,85.31758122578003,2029-07-08,C,False
3478,776,58.13210197250533,2029-07-09,C,True
3479,955,7.892985503841232,2029-07-10,A,True
3480,726,19.167131883027434,2029-07-11,A,False
3481,200,47.45443501585562,2029-07-12,B,False
3482,945,36.148714982181204,2029-07-13,A,False
3483,79,35.87270195460987,2029-07-14,D,False
3484,913,52.92674481435902,2029-07-15,N,True
3485,956,58.43959215894574,2029-07-16,D,False
3486,855,79.6861570276191,2029-07-17,E,True
3487,856,34.096656346248466,2029-07-18,D,False
3488,173,80.54662830405867,2029-07-19,A,False
3489,467,33.86112291126325,2029-07-20,A,True
3490,581,5.543298894123383,2029-07-21,D,False
3491,416,55.41876510047912,2029-07-22,C,False
3492,940,58.790232489481454,2029-07-23,C,False
3493,449,,2029-07-24,C,False
3494,87,72.60613260624744,2029-07-25,B,False
3495,101,91.77726524944396,2029-07-26,E,False
3496,8,90.83472102430096,2029-07-27,N,True
3497,845,60.457411025824214,2029-07-28,B,True
3498,200,52.77620653364475,2029-07-29,C,True
3499,505,55.74409671635999,2029-07-30,N,True
3500,87,97.83308076772478,2029-07-31,B,False
3501,43,,2029-08-01,A,True
3502,385,10.626590479239583,2029-08-02,C,True
3503,621,77.84284067813999,2029-08-03,B,True
3504,435,17.053804889822587,2029-08-04,A,True
3505,408,44.73505490056257,2029-08-05,C,False
3506,483,21.045967217653427,2029-08-06,E,False
3507,664,68.95830655332298,2029-08-07,C,False
3508,17,87.73097361930357,2029-08-08,E,True
3509,645,29.036188536668096,2029-08-09,E,False
3510,148,8.201074120818763,2029-08-10,E,False
3511,277,29.849309807496326,2029-08-11,D,True
3512,232,67.23618579321943,2029-08-12,D,False
3513,826,32.876012755445,2029-08-13,E,False
3514,927,27.811216755380343,2029-08-14,A,True
3515,366,18.443519058426496,2029-08-15,E,False
3516,228,49.75164268744335,2029-08-16,B,True
3517,651,27.59488281571876,2029-08-17,N,True
3518,436,73.10103491394831,2029-08-18,D,False
3519,399,7.662240199220271,2029-08-19,D,False
3520,211,66.40330331113175,2029-08-20,B,False
3521,391,23.756001456776985,2029-08-21,N,False
3522,499,48.92792610516031,2029-08-22,C,False
3523,540,28.60899220312606,2029-08-23,A,False
3524,563,72.27686760107956,2029-08-24,A,True
3525,491,94.53070402516367,2029-08-25,A,False
3526,442,91.70767794698132,2029-08-26,D,True
3527,261,58.34262151440911,2029-08-27,A,False
3528,773,46.26103032569784,2029-08-28,C,False
3529,350,81.83005094393818,2029-08-29,C,False
3530,352,68.332636262773,2029-08-30,A,False
3531,520,18.356411421693288,2029-08-31,B,False
3532,320,82.09192136130002,2029-09-01,C,True
3533,138,42.888438939471015,2029-09-02,B,True
3534,550,18.89856599711751,2029-09-03,D,True
3535,623,28.179735039649245,2029-09-04,C,False
3536,992,26.752703024834233,2029-09-05,B,False
3537,368,51.92069746034601,2029-09-06,A,False
3538,220,23.43700906778755,2029-09-07,D,True
3539,337,12.356648740157617,2029-09-08,E,True
3540,223,12.369085061376072,2029-09-09,E,False
3541,648,58.32761971390966,2029-09-10,A,True
3542,768,73.47592888493786,2029-09-11,D,False
3543,360,32.15330088383408,2029-09-12,D,False
3544,921,3.4650709814017078,2029-09-13,D,True
3545,329,12.722488693701074,2029-09-14,D,True
3546,962,91.46945603370571,2029-09-15,N,True
3547,463,49.3543659589453,2029-09-16,B,True
3548,946,45.357280961517475,2029-09-17,D,False
3549,963,3.8049178310090914,2029-09-18,B,False
3550,561,72.86370223168991,2029-09-19,D,True
3551,804,52.80680809320789,2029-09-20,C,True
3552,382,20.208093608652078,2029-09-21,C,True
3553,836,11.007376018105719,2029-09-22,C,True
3554,590,38.33878636319985,2029-09-23,N,False
3555,617,,2029-09-24,B,False
3556,169,86.52945592010245,2029-09-25,E,False
3557,217,60.284638039563646,2029-09-26,A,False
3558,378,72.75364272301427,2029-09-27,E,False
3559,119,11.515578740287037,2029-09-28,D,False
3560,190,58.81260654678548,2029-09-29,C,False
3561,767,66.69657034871818,2029-09-30,C,True
3562,370,20.07128429137922,2029-10-01,B,False
3563,778,88.0154732910259,2029-10-02,D,True
3564,149,,2029-10-03,N,True
3565,676,31.34773598464504,2029-10-04,D,True
3566,652,62.05568470234586,2029-10-05,D,False
3567,859,,2029-10-06,C,False
3568,488,69.93847409873672,2029-10-07,E,False
3569,770,11.201171306820568,2029-10-08,A,False
3570,374,84.94644299285554,2029-10-09,C,True
3571,781,53.284713228325984,2029-10-10,E,False
3572,693,47.132179410506836,2029-10-11,B,True
3573,160,98.10976245135096,2029-10-12,C,False
3574,351,74.03782969410197,2029-10-13,B,False
3575,912,11.800602661937488,2029-10-14,C,True
3576,288,75.65391672262407,2029-10-15,D,True
3577,288,9.524893397286949,2029-10-16,E,True
3578,892,2.7470562512984853,2029-10-17,B,False
3579,226,40.36258952698971,2029-10-18,C,False
3580,523,99.35781728192187,2029-10-19,B,True
3581,522,17.488393619486263,2029-10-20,C,False
3582,783,67.264434352679,2029-10-21,C,True
3583,273,17.339606620611935,2029-10-22,A,False
3584,936,72.4786974958386,2029-10-23,A,True
3585,402,50.53536682378261,2029-10-24,A,True
3586,183,67.99717100893763,2029-10-25,B,False
3587,969,20.28731759142346,2029-10-26,D,False
3588,665,74.5628332520502,2029-10-27,C,False
3589,488,99.56190596227067,2029-10-28,N,False
3590,827,66.56505006259597,2029-10-29,A,True
3591,846,49.34799980728777,2029-10-30,B,True
3592,124,92.31739886192648,2029-10-31,B,False
3593,985,1.58518422318763,2029-11-01,N,False
3594,626,72.99235192858211,2029-11-02,E,True
3595,790,88.8746516813813,2029-11-03,E,True
3596,414,6.167458362095745,2029-11-04,A,True
3597,980,45.006417041575816,2029-11-05,E,False
3598,725,20.471945394999892,2029-11-06,A,False
3599,172,56.65181655878301,2029-11-07,E,False
3600,288,64.95429586036605,2029-11-08,E,True
3601,435,,2029-11-09,E,True
3602,686,45.998166967810086,2029-11-10,A,False
3603,113,27.93394852765595,2029-11-11,C,False
3604,888,36.939116445511374,2029-11-12,N,True
3605,917,15.953995668842358,2029-11-13,C,False
3606,995,88.55594435856314,2029-11-14,B,True
3607,122,1.001041055913643,2029-11-15,B,True
3608,544,88.24091864437885,2029-11-16,A,True
3609,222,57.167887834973854,2029-11-17,C,False
3610,631,33.16578441770175,2029-11-18,C,False
3611,39,72.30571254603298,2029-11-19,C,True
3612,497,50.77521518626643,2029-11-20,B,True
3613,780,49.910865810760654,2029-11-21,A,False
3614,233,11.014228291896643,2029-11-22,D,True
3615,943,38.951602594540866,2029-11-23,C,False
3616,530,24.106434585673664,2029-11-24,C,False
3617,149,1.5695905596279647,2029-11-25,D,False
3618,397,36.00996307821133,2029-11-26,A,True
3619,661,8.982212942560475,2029-11-27,C,True
3620,638,25.68300377251852,2029-11-28,A,True
3621,904,9.251662118309445,2029-11-29,C,True
3622,302,10.094162555639885,2029-11-30,E,False
3623,360,19.901129441518826,2029-12-01,C,True
3624,238,99.98492444864002,2029-12-02,E,False
3625,647,0.2184142857248772,2029-12-03,A,True
3626,663,63.867263612040524,2029-12-04,C,True
3627,236,14.124369802655734,2029-12-05,B,True
3628,736,92.06281367107758,2029-12-06,B,True
3629,203,9.363289333362923,2029-12-07,D,True
3630,256,95.50631871262365,2029-12-08,B,False
3631,598,61.092638748347795,2029-12-09,E,True
3632,662,0.1268076915490246,2029-12-10,B,True
3633,235,89.4007197916806,2029-12-11,B,True
3634,345,52.17118013669183,2029-12-12,N,True
3635,534,26.266973533048454,2029-12-13,N,True
3636,860,76.72791775156301,2029-12-14,D,False
3637,797,92.666555388687,2029-12-15,A,True
3638,781,48.36908231467939,2029-12-16,D,False
3639,466,31.55534744431109,2029-12-17,E,True
3640,770,78.89451239349268,2029-12-18,C,False
3641,541,68.17854977884546,2029-12-19,C,True
3642,213,88.87524837502724,2029-12-20,B,True
3643,463,69.2514012761193,2029-12-21,B,False
3644,436,24.35283388995363,2029-12-22,E,True
3645,283,93.1659249759019,2029-12-23,C,False
3646,562,10.483574720599131,2029-12-24,A,True
3647,607,26.794275010684785,2029-12-25,D,False
3648,463,52.01946077238856,2029-12-26,C,False
3649,407,56.57420260709014,2029-12-27,N,False
3650,88,1.5310586626905431,2029-12-28,A,True
3651,44,,2029-12-29,D,False
3652,461,36.16073184253895,2029-12-30,A,True
3653,278,40.641854100213784,2029-12-31,E,False
3654,683,80.93695444369457,2030-01-01,A,False
3655,421,37.928339172754455,2030-01-02,E,False
3656,701,4.722487649475482,2030-01-03,A,True
3657,353,17.64397704703503,2030-01-04,B,True
3658,696,,2030-01-05,A,True
3659,515,7.0405362402514164,2030-01-06,E,False
3660,703,35.493120096801626,2030-01-07,A,True
3661,630,50.31791670513446,2030-01-08,A,True
3662,19,49.32808273385601,2030-01-09,A,False
3663,23,0.39599430121427526,2030-01-10,E,False
3664,413,50.116273145749034,2030-01-11,A,True
3665,30,38.37724579774092,2030-01-12,D,False
3666,807,97.20793354745571,2030-01-13,D,True
3667,108,15.915908399382984,2030-01-14,E,False
3668,367,35.4154196759495,2030-01-15,B,False
3669,281,41.94814850898197,2030-01-16,D,False
3670,128,39.06935371009488,2030-01-17,C,False
3671,229,66.58308276518625,2030-01-18,D,False
3672,111,21.551285754776885,2030-01-19,C,True
3673,136,22.107155281399184,2030-01-20,N,True
3674,362,,2030-01-21,B,True
3675,186,50.02905186781796,2030-01-22,C,False
3676,656,41.51556760573104,2030-01-23,N,False
3677,584,16.920305167725182,2030-01-24,D,True
3678,129,18.75272229121666,2030-01-25,C,True
3679,876,1.0551636815900545,2030-01-26,E,True
3680,261,9.142626886170923,2030-01-27,E,False
3681,515,55.6838694690241,2030-01-28,E,False
3682,449,89.18731300084099,2030-01-29,D,False
3683,900,28.716476513055746,2030-01-30,B,False
3684,104,32.774722589612814,2030-01-31,D,False
3685,483,11.560561061151219,2030-02-01,E,True
3686,224,38.86309456071027,2030-02-02,D,True
3687,832,3.722170456932916,2030-02-03,E,False
3688,874,91.76006962619002,2030-02-04,A,False
3689,866,67.31113481245286,2030-02-05,A,True
3690,491,99.07488093932189,2030-02-06,C,False
3691,473,88.28231626784937,2030-02-07,B,False
3692,10,47.29905936981527,2030-02-08,A,True
3693,405,51.96850311503769,2030-02-09,N,False
3694,896,19.057604651719384,2030-02-10,D,False
3695,302,46.20393428395556,2030-02-11,D,True
3696,231,90.30278734928116,2030-02-12,C,False
3697,731,5.085342363582113,2030-02-13,D,False
3698,923,86.35568029983098,2030-02-14,A,True
3699,66,34.094780164260975,2030-02-15,D,True
3700,937,89.95127650963099,2030-02-16,A,False
3701,112,94.08799063414847,2030-02-17,A,True
3702,13,67.0864887001906,2030-02-18,B,True
3703,393,66.44237865926779,2030-02-19,C,False
3704,500,45.27543377087401,2030-02-20,N,True
3705,932,83.55402245437075,2030-02-21,A,False
3706,598,96.16127584332833,2030-02-22,C,True
3707,234,,2030-02-23,E,True
3708,602,62.19367337567092,2030-02-24,D,False
3709,314,60.67928958213368,2030-02-25,C,False
3710,566,,2030-02-26,C,False
3711,12,54.12037657712984,2030-02-27,C,True
3712,209,80.38598862488226,2030-02-28,D,False
3713,974,50.888525517424576,2030-03-01,D,False
3714,14,6.244427497392413,2030-03-02,C,True
3715,633,38.39470089041552,2030-03-03,B,True
3716,418,44.444095767149875,2030-03-04,A,True
3717,437,,2030-03-05,D,False
3718,377,10.24963291892128,2030-03-06,B,True
3719,20,53.546494965695416,2030-03-07,D,True
3720,587,8.514363655608214,2030-03-08,C,False
3721,912,,2030-03-09,B,True
3722,755,74.45969759630759,2030-03-10,E,True
3723,735,96.44321795679808,2030-03-11,A,False
3724,70,71.78705805519286,2030-03-12,A,True
3725,824,99.26255484528703,2030-03-13,D,False
3726,211,69.83379712794027,2030-03-14,A,False
3727,101,29.37944706543275,2030-03-15,E,False
3728,698,67.20525405053618,2030-03-16,B,False
3729,132,70.21567651969039,2030-03-17,B,False
3730,623,37.17269846164606,2030-03-18,C,True
3731,381,1.7713850609389015,2030-03-19,B,False
3732,132,70.31997847754869,2030-03-20,D,False
3733,20,2.170009527554162,2030-03-21,E,False
3734,906,63.11880780600711,2030-03-22,C,False
3735,536,16.361648874255508,2030-03-23,D,True
3736,227,56.560352774804336,2030-03-24,D,True
3737,154,50.39130253806,2030-03-25,D,True
3738,805,1.3513642306182572,2030-03-26,A,False
3739,742,36.28658169951034,2030-03-27,D,True
3740,469,60.109116739630274,2030-03-28,A,True
3741,822,84.86065518987797,2030-03-29,B,False
3742,871,88.86421138365172,2030-03-30,A,False
3743,405,,2030-03-31,D,True
3744,202,72.84224872994382,2030-04-01,E,True
3745,38,31.645457653345765,2030-04-02,E,True
3746,942,34.21864057586574,2030-04-03,B,True
3747,772,,2030-04-04,D,False
3748,188,56.19481099932393,2030-04-05,A,False
3749,57,31.456415092736524,2030-04-06,E,False
3750,941,8.437089643850504,2030-04-07,C,False
3751,20,68.50060866631787,2030-04-08,D,False
3752,273,70.77532076053981,2030-04-09,D,True
3753,119,35.99924187790579,2030-04-10,C,False
3754,583,7.67233994560228,2030-04-11,E,False
3755,516,42.62977174034259,2030-04-12,C,True
3756,221,44.23354580502155,2030-04-13,B,False
3757,526,66.8670884897893,2030-04-14,A,True
3758,515,,2030-04-15,N,False
3759,728,68.25992797813055,2030-04-16,E,False
3760,741,87.14885417573883,2030-04-17,C,False
3761,336,23.748604236219983,2030-04-18,D,False
3762,698,97.89195561198997,2030-04-19,D,False
3763,55,38.636813713680695,2030-04-20,D,True
3764,500,26.725868514706175,2030-04-21,B,False
3765,900,42.151118251029054,2030-04-22,B,False
3766,888,9.439747590385917,2030-04-23,D,True
3767,766,12.570590651211566,2030-04-24,E,True
3768,536,41.44340469683314,2030-04-25,B,False
3769,162,76.24445219391,2030-04-26,B,True
3770,670,90.03122395744909,2030-04-27,A,False
3771,594,66.4817990716271,2030-04-28,A,False
3772,915,10.521955523816972,2030-04-29,E,True
3773,159,67.2019762180535,2030-04-30,B,True
3774,188,63.542792070297196,2030-05-01,B,True
3775,60,80.57639182933313,2030-05-02,C,False
3776,915,82.52486666521808,2030-05-03,E,False
3777,817,86.82030757789789,2030-05-04,E,False
3778,319,41.413151457909834,2030-05-05,C,True
3779,878,69.78643953521443,2030-05-06,C,False
3780,211,26.825035892231075,2030-05-07,A,True
3781,406,99.93362799835043,2030-05-08,E,True
3782,664,17.533424137685994,2030-05-09,E,True
3783,109,,2030-05-10,C,False
3784,76,14.880871451817601,2030-05-11,D,False
3785,542,77.58722895441267,2030-05-12,D,True
3786,314,44.67836765082115,2030-05-13,A,False
3787,998,44.75002478104283,2030-05-14,D,False
3788,117,95.50229196116685,2030-05-15,D,False
3789,927,91.96349080280743,2030-05-16,D,False
3790,868,31.11947378040092,2030-05-17,B,True
3791,704,20.905812878086614,2030-05-18,A,False
3792,19,84.84822099337397,2030-05-19,C,False
3793,432,90.60190710443632,2030-05-20,D,True
3794,685,54.15969227984869,2030-05-21,B,False
3795,740,62.94237111171005,2030-05-22,D,False
3796,350,25.691428469229336,2030-05-23,B,False
3797,183,80.08026879785245,2030-05-24,A,True
3798,113,63.21224284490231,2030-05-25,D,False
3799,183,50.35135112979966,2030-05-26,B,True
3800,481,6.0108556078395825,2030-05-27,E,False
3801,146,91.59349625111537,2030-05-28,E,False
3802,831,61.5451420384406,2030-05-29,B,False
3803,628,19.269109469296797,2030-05-30,D,False
3804,113,60.638611698305276,2030-05-31,D,False
3805,763,67.74633542399734,2030-06-01,A,False
3806,476,52.57703366832255,2030-06-02,A,False
3807,763,71.81017379560225,2030-06-03,C,False
3808,303,58.145394792862426,2030-06-04,A,True
3809,971,94.77695820321482,2030-06-05,D,False
3810,825,5.369707859930683,2030-06-06,C,False
3811,118,10.62457084695605,2030-06-07,A,True
3812,813,17.367163695433984,2030-06-08,B,False
3813,161,69.01710706043322,2030-06-09,E,False
3814,401,,2030-06-10,A,False
3815,198,89.2058860209694,2030-06-11,A,False
3816,260,73.28774528838984,2030-06-12,B,True
3817,660,50.835548756459225,2030-06-13,D,True
3818,752,99.18317924636303,2030-06-14,B,True
3819,47,26.610795616929916,2030-06-15,N,False
3820,987,83.3191659785454,2030-06-16,D,True
3821,399,42.67903721939194,2030-06-17,C,True
3822,710,64.87351388757342,2030-06-18,A,False
3823,559,72.7268470452434,2030-06-19,B,True
3824,78,63.37540871903363,2030-06-20,C,True
3825,124,14.050730310859327,2030-06-21,E,True
3826,75,44.29510107479327,2030-06-22,C,False
3827,871,56.143837793312436,2030-06-23,B,False
3828,137,,2030-06-24,C,True
3829,602,44.36457487985723,2030-06-25,B,True
3830,400,91.87473048042514,2030-06-26,A,False
3831,837,44.037422302521065,2030-06-27,D,False
3832,505,54.877985926301164,2030-06-28,E,False
3833,500,79.6285682942801,2030-06-29,D,False
3834,573,58.30676844221436,2030-06-30,D,True
3835,138,96.02180723828246,2030-07-01,D,False
3836,50,,2030-07-02,B,True
3837,771,52.270945406760106,2030-07-03,B,False
3838,973,2.3591967780795864,2030-07-04,E,False
3839,619,41.37328975803298,2030-07-05,B,False
3840,625,29.924841926016043,2030-07-06,B,False
3841,862,,2030-07-07,B,True
3842,254,20.82776751535458,2030-07-08,B,True
3843,630,20.522008729407183,2030-07-09,A,True
3844,710,18.95190432373768,2030-07-10,E,False
3845,849,12.561561315623592,2030-07-11,B,True
3846,877,31.10070036708874,2030-07-12,E,False
3847,563,88.59221144434251,2030-07-13,C,False
3848,757,77.4928472305955,2030-07-14,A,True
3849,915,73.52512163067935,2030-07-15,N,False
3850,426,79.73368056499626,2030-07-16,A,False
3851,547,26.941788932957166,2030-07-17,A,True
3852,302,88.74416907524878,2030-07-18,N,False
3853,922,13.73033751416044,2030-07-19,E,False
3854,581,33.634572671558196,2030-07-20,A,True
3855,349,58.67481189673429,2030-07-21,D,True
3856,832,10.290508834200063,2030-07-22,C,False
3857,933,73.01301877764249,2030-07-23,D,True
3858,980,38.724604820347494,2030-07-24,C,False
3859,49,78.44056656084001,2030-07-25,D,True
3860,917,49.28962855846027,2030-07-26,D,False
3861,74,18.087452442533635,2030-07-27,A,True
3862,704,73.47618113553443,2030-07-28,A,True
3863,261,25.214395583894355,2030-07-29,C,False
3864,356,49.08103012680428,2030-07-30,E,True
3865,582,7.553326915690761,2030-07-31,A,True
3866,602,61.78666544120367,2030-08-01,A,False
3867,260,66.58577662162773,2030-08-02,B,True
3868,638,37.86742099727836,2030-08-03,N,True
3869,743,95.44227803210738,2030-08-04,E,True
3870,295,,2030-08-05,B,False
3871,931,70.79409157399948,2030-08-06,D,True
3872,641,71.36520744937427,2030-08-07,D,False
3873,792,25.240171494215126,2030-08-08,B,False
3874,313,65.6815231088449,2030-08-09,B,True
3875,612,,2030-08-10,B,False
3876,838,14.400322391982211,2030-08-11,C,False
3877,809,99.94678942025801,2030-08-12,E,False
3878,182,62.23759314731742,2030-08-13,E,False
3879,686,43.098787265719054,2030-08-14,D,True
3880,828,28.816452288395134,2030-08-15,D,True
3881,364,60.39204436622274,2030-08-16,D,True
3882,188,4.959350822008613,2030-08-17,A,False
3883,569,9.468099050479506,2030-08-18,D,False
3884,543,3.2856697740396346,2030-08-19,B,True
3885,596,49.91698332626618,2030-08-20,D,False
3886,664,,2030-08-21,B,True
3887,985,6.2479761357820855,2030-08-22,C,False
3888,548,72.12244674989165,2030-08-23,A,True
3889,725,23.03950715145644,2030-08-24,A,True
3890,926,68.5201453769866,2030-08-25,E,True
3891,408,98.18971400352456,2030-08-26,C,False
3892,876,69.11058700538511,2030-08-27,B,True
3893,618,88.31930529236085,2030-08-28,C,False
3894,414,94.81985067430674,2030-08-29,A,False
3895,342,48.67510483523155,2030-08-30,B,True
3896,220,70.23249794197068,2030-08-31,C,True
3897,903,85.19692535558417,2030-09-01,A,False
3898,163,35.66089128743861,2030-09-02,B,False
3899,951,26.139731656039487,2030-09-03,B,True
3900,220,94.65985727783386,2030-09-04,A,True
3901,270,72.6303500368818,2030-09-05,B,False
3902,632,21.968213337582633,2030-09-06,A,True
3903,906,44.90833926761134,2030-09-07,D,True
3904,848,79.64517695378093,2030-09-08,D,True
3905,400,54.706299091844215,2030-09-09,B,True
3906,182,64.99520981658891,2030-09-10,B,False
3907,991,75.37682020450524,2030-09-11,A,False
3908,618,62.20091888089806,2030-09-12,B,True
3909,729,54.00793219221958,2030-09-13,E,True
3910,205,74.96142843877735,2030-09-14,D,False
3911,582,72.75630354322007,2030-09-15,B,False
3912,556,62.98724001831789,2030-09-16,N,False
3913,841,35.97894133819296,2030-09-17,C,False
3914,813,40.58120922002716,2030-09-18,B,False
3915,228,97.04385488840974,2030-09-19,E,True
3916,696,11.238593229152583,2030-09-20,D,True
3917,619,26.850491725283533,2030-09-21,C,False
3918,596,49.24017592043357,2030-09-22,A,False
3919,850,83.67296861437859,2030-09-23,A,True
3920,250,16.367566372972785,2030-09-24,D,False
3921,875,27.695461812460987,2030-09-25,A,False
3922,441,6.579821779523898,2030-09-26,E,True
3923,533,70.59852660508184,2030-09-27,B,True
3924,196,23.820943547561612,2030-09-28,D,True
3925,690,38.86747506709505,2030-09-29,C,True
3926,929,44.37014470296678,2030-09-30,B,False
3927,987,89.13139356064556,2030-10-01,A,True
3928,519,41.13302903312368,2030-10-02,A,False
3929,70,14.522501991524905,2030-10-03,C,False
3930,639,52.4314938340121,2030-10-04,E,False
3931,399,96.29579946486297,2030-10-05,C,False
3932,978,60.768564105081104,2030-10-06,D,True
3933,672,98.33872204605726,2030-10-07,C,False
3934,760,84.11073089388701,2030-10-08,A,False
3935,203,3.5965756213412803,2030-10-09,E,False
3936,148,,2030-10-10,N,True
3937,472,28.676687755788365,2030-10-11,C,True
3938,655,55.96168556447238,2030-10-12,D,True
3939,944,27.934519093122656,2030-10-13,A,True
3940,199,34.887041660529036,2030-10-14,B,True
3941,917,92.31687117541793,2030-10-15,E,False
3942,426,20.66431848917053,2030-10-16,C,True
3943,666,87.41091180258304,2030-10-17,D,False
3944,492,3.0457808070496806,2030-10-18,D,True
3945,888,9.087653836964837,2030-10-19,A,False
3946,896,85.46750413842635,2030-10-20,E,True
3947,142,63.05560309091953,2030-10-21,N,False
3948,313,74.72361380395502,2030-10-22,B,True
3949,165,20.941767082185425,2030-10-23,N,False
3950,314,53.708345559010354,2030-10-24,B,False
3951,21,,2030-10-25,D,False
3952,82,62.73141370102625,2030-10-26,E,False
3953,581,47.16987668912095,2030-10-27,A,False
3954,131,95.97837864377148,2030-10-28,A,False
3955,599,67.61573334534454,2030-10-29,B,True
3956,730,90.7750800241238,2030-10-30,N,True
3957,933,72.97705115736812,2030-10-31,E,False
3958,984,73.54635285976832,2030-11-01,C,False
3959,305,8.001826975767933,2030-11-02,E,False
3960,915,35.94646218539436,2030-11-03,E,False
3961,371,85.83694067196585,2030-11-04,A,False
3962,857,23.260386214875595,2030-11-05,E,False
3963,853,11.550586615646619,2030-11-06,E,False
3964,384,32.61060566387934,2030-11-07,A,True
3965,908,22.043788489261395,2030-11-08,E,False
3966,445,92.52881947931552,2030-11-09,A,False
3967,425,86.79666420021312,2030-11-10,C,True
3968,161,49.96832302829042,2030-11-11,D,True
3969,178,6.134387448386802,2030-11-12,A,False
3970,629,71.45623460931563,2030-11-13,A,True
3971,708,62.34117313362646,2030-11-14,E,True
3972,895,97.0554670728496,2030-11-15,A,True
3973,490,55.895324027037695,2030-11-16,B,False
3974,327,33.63937234029094,2030-11-17,B,False
3975,598,51.90216935785558,2030-11-18,C,True
3976,289,97.92632914045163,2030-11-19,A,False
3977,593,69.63624325330305,2030-11-20,E,False
3978,664,67.19761379270511,2030-11-21,E,False
3979,573,24.068158972588538,2030-11-22,D,True
3980,573,74.36025175606177,2030-11-23,C,True
3981,354,75.02718294717717,2030-11-24,E,True
3982,28,31.728898377590532,2030-11-25,D,True
3983,954,48.37138323907132,2030-11-26,E,False
3984,43,29.460333294045604,2030-11-27,N,False
3985,681,25.87050703242867,2030-11-28,B,False
3986,423,2.589607024948515,2030-11-29,B,True
3987,598,28.52117446533321,2030-11-30,E,True
3988,177,55.39699498782748,2030-12-01,C,False
3989,529,0.16011875490288263,2030-12-02,A,False
3990,610,28.321908380966743,2030-12-03,C,True
3991,966,,2030-12-04,C,False
3992,494,59.364858510736084,2030-12-05,A,True
3993,198,60.786282408098046,2030-12-06,B,True
3994,610,40.336430502635324,2030-12-07,B,False
3995,577,67.6472143492411,2030-12-08,A,True
3996,842,18.993276623035914,2030-12-09,D,False
3997,853,81.87468103841915,2030-12-10,C,False
3998,517,11.668911993589981,2030-12-11,E,True
3999,514,65.60013546531093,2030-12-12,B,False
4000,22,34.114932581968304,2030-12-13,E,True
4001,112,74.75129705824767,2030-12-14,A,True
4002,57,54.976455126602,2030-12-15,E,True
4003,66,45.23530384787162,2030-12-16,E,True
4004,842,16.942240209324698,2030-12-17,C,True
4005,98,63.68214642843528,2030-12-18,A,True
4006,144,97.4769843420413,2030-12-19,E,True
4007,880,82.5603424907015,2030-12-20,B,True
4008,435,6.0008192589011795,2030-12-21,A,True
4009,637,37.62293783611911,2030-12-22,B,False
4010,679,92.55830091902718,2030-12-23,D,False
4011,86,50.30437475570214,2030-12-24,E,True
4012,588,66.21118258081792,2030-12-25,A,True
4013,344,91.25993455913904,2030-12-26,B,True
4014,936,87.37946904198807,2030-12-27,E,False
4015,294,,2030-12-28,C,False
4016,956,43.7646302657602,2030-12-29,B,True
4017,571,33.96926184795871,2030-12-30,B,True
4018,650,71.90194431628912,2030-12-31,D,True
4019,611,28.698679947154325,2031-01-01,C,False
4020,704,,2031-01-02,D,True
4021,243,35.62498946037801,2031-01-03,C,False
4022,831,17.7215056878792,2031-01-04,B,False
4023,561,69.51198159457674,2031-01-05,D,True
4024,960,61.62406493306123,2031-01-06,E,False
4025,32,48.28785341158436,2031-01-07,C,True
4026,391,39.03257792615547,2031-01-08,B,False
4027,277,90.90625428967314,2031-01-09,A,False
4028,532,2.9123784989105284,2031-01-10,C,True
4029,154,76.91077435072991,2031-01-11,C,True
4030,383,90.19095717488888,2031-01-12,E,False
4031,68,44.635457942992595,2031-01-13,C,False
4032,878,55.069049147064675,2031-01-14,C,False
4033,884,94.4463687882038,2031-01-15,E,True
4034,214,21.22775152855144,2031-01-16,E,True
4035,655,52.01348477846849,2031-01-17,D,True
4036,376,47.47211271282129,2031-01-18,B,True
4037,744,25.83926478703701,2031-01-19,B,False
4038,213,81.85932303731079,2031-01-20,N,False
4039,79,89.96005947632358,2031-01-21,B,False
4040,726,78.19325797882088,2031-01-22,C,False
4041,628,19.535896084860838,2031-01-23,D,False
4042,604,8.674863550138156,2031-01-24,D,True
4043,782,,2031-01-25,B,True
4044,923,5.7094760509883935,2031-01-26,A,False
4045,381,67.28258885580843,2031-01-27,B,False
4046,680,53.04242203272427,2031-01-28,A,False
4047,58,66.27857327436637,2031-01-29,D,False
4048,796,59.017077364974405,2031-01-30,A,False
4049,26,42.270256952717276,2031-01-31,C,False
4050,881,20.087718014022826,2031-02-01,E,False
4051,447,30.570213581048854,2031-02-02,N,False
4052,66,52.45005742189765,2031-02-03,E,True
4053,921,65.18680936476059,2031-02-04,C,False
4054,760,77.94830168845284,2031-02-05,E,False
4055,254,76.71707184490609,2031-02-06,C,True
4056,899,97.26887432610853,2031-02-07,E,True
4057,968,28.584144866340942,2031-02-08,E,False
4058,44,7.111070821343679,2031-02-09,N,True
4059,97,34.56569355418593,2031-02-10,A,True
4060,554,74.32944752240766,2031-02-11,E,False
4061,227,43.81116510332952,2031-02-12,D,True
4062,774,81.77884305894194,2031-02-13,B,False
4063,679,54.9326365186015,2031-02-14,A,False
4064,436,92.9791722630503,2031-02-15,B,False
4065,791,94.78634419990688,2031-02-16,A,True
4066,601,6.930450601874871,2031-02-17,C,True
4067,379,45.641343971242435,2031-02-18,E,False
4068,178,60.9689061249568,2031-02-19,D,False
4069,427,25.58725408122128,2031-02-20,B,True
4070,915,40.707677937898026,2031-02-21,B,False
4071,709,67.76815411176983,2031-02-22,B,True
4072,307,22.673422689836144,2031-02-23,B,True
4073,779,60.19813529744524,2031-02-24,E,True
4074,504,69.7447828164306,2031-02-25,A,True
4075,268,9.049631109586675,2031-02-26,E,False
4076,586,49.75293160274528,2031-02-27,C,True
4077,8,26.308002992419077,2031-02-28,E,False
4078,920,72.43863559980446,2031-03-01,E,False
4079,508,18.95555085369405,2031-03-02,C,True
4080,476,,2031-03-03,E,True
4081,297,43.09413365183269,2031-03-04,A,False
4082,164,,2031-03-05,D,False
4083,485,43.802179635032935,2031-03-06,C,False
4084,597,40.874376280852786,2031-03-07,B,False
4085,72,42.891895949371026,2031-03-08,A,False
4086,567,58.55612934974469,2031-03-09,D,False
4087,905,52.117372491353755,2031-03-10,A,False
4088,559,14.977713168090268,2031-03-11,A,False
4089,911,6.557907264663632,2031-03-12,B,True
4090,944,72.94154487265405,2031-03-13,D,False
4091,238,55.971743592831345,2031-03-14,A,True
4092,104,35.900076807926375,2031-03-15,B,False
4093,210,80.83578224980738,2031-03-16,C,False
4094,554,38.805847426095696,2031-03-17,B,False
4095,828,79.59650896006075,2031-03-18,E,False
4096,468,30.57561275123747,2031-03-19,B,False
4097,454,7.2845297545199745,2031-03-20,B,True
4098,268,93.2639693799929,2031-03-21,B,False
4099,386,39.45511292813732,2031-03-22,A,True
4100,775,79.2692572849378,2031-03-23,D,True
4101,848,27.91441332223045,2031-03-24,B,False
4102,387,64.6365112123656,2031-03-25,B,True
4103,877,87.33108732577283,2031-03-26,E,False
4104,259,4.164402233998032,2031-03-27,E,False
4105,283,83.06357646860893,2031-03-28,C,False
4106,626,57.13330049719286,2031-03-29,C,True
4107,875,60.747175390856924,2031-03-30,E,False
4108,40,52.315800080598265,2031-03-31,D,True
4109,486,87.44751032836425,2031-04-01,C,False
4110,929,4.3433357235637455,2031-04-02,D,False
4111,220,26.10283915358481,2031-04-03,E,True
4112,129,,2031-04-04,C,False
4113,520,75.2345702531956,2031-04-05,B,True
4114,613,1.7645160178605845,2031-04-06,E,True
4115,928,51.700628320970864,2031-04-07,C,True
4116,892,52.957268071267485,2031-04-08,D,True
4117,688,40.088213512791036,2031-04-09,D,False
4118,619,29.73933320619897,2031-04-10,C,True
4119,613,,2031-04-11,D,False
4120,260,20.779046470475382,2031-04-12,C,False
4121,990,79.8948562071706,2031-04-13,C,False
4122,966,80.30371607674718,2031-04-14,D,False
4123,366,41.52614375728205,2031-04-15,A,False
4124,758,28.354801090964767,2031-04-16,B,True
4125,787,28.387818159071323,2031-04-17,E,False
4126,544,48.22913239962101,2031-04-18,B,False
4127,649,71.95792247493587,2031-04-19,E,False
4128,524,35.886869099385876,2031-04-20,E,True
4129,907,61.00433454577515,2031-04-21,B,True
4130,814,38.24844605825943,2031-04-22,C,True
4131,887,30.45231891513833,2031-04-23,D,True
4132,16,2.485951591579416,2031-04-24,A,False
4133,129,0.39141057353906383,2031-04-25,A,True
4134,575,,2031-04-26,A,False
4135,109,40.640628680099546,2031-04-27,N,True
4136,887,85.12611673620603,2031-04-28,B,True
4137,533,79.84842429304254,2031-04-29,C,True
4138,670,26.71652625879899,2031-04-30,A,True
4139,269,24.454044298429935,2031-05-01,C,False
4140,162,22.732207107002743,2031-05-02,A,True
4141,260,33.9237340528867,2031-05-03,B,False
4142,924,49.81987195616854,2031-05-04,D,False
4143,102,43.86677720315755,2031-05-05,D,False
4144,506,21.827319878149375,2031-05-06,D,False
4145,735,13.045140994361804,2031-05-07,D,False
4146,571,1.2577812486195383,2031-05-08,E,False
4147,247,15.396323866650386,2031-05-09,A,False
4148,640,70.53563701941182,2031-05-10,D,True
4149,795,24.363856934558292,2031-05-11,E,False
4150,837,46.86018101215098,2031-05-12,E,True
4151,537,59.13011489232447,2031-05-13,E,True
4152,131,88.68409028316071,2031-05-14,C,False
4153,353,88.88550983934195,2031-05-15,C,False
4154,196,74.5733733681359,2031-05-16,N,True
4155,793,3.5156992048501423,2031-05-17,D,True
4156,916,57.50704190854149,2031-05-18,A,False
4157,930,78.65834708315064,2031-05-19,B,False
4158,666,1.7288044763363208,2031-05-20,C,True
4159,382,54.96846136565783,2031-05-21,D,False
4160,645,85.77641457860294,2031-05-22,D,False
4161,227,47.4102075842267,2031-05-23,B,True
4162,701,0.4106202897448452,2031-05-24,B,True
4163,476,1.101335833560746,2031-05-25,D,False
4164,477,41.663603741375056,2031-05-26,B,True
4165,265,15.500866741675456,2031-05-27,D,False
4166,372,66.44506570932596,2031-05-28,B,False
4167,486,70.8799264906154,2031-05-29,B,False
4168,434,17.78797954606286,2031-05-30,D,True
4169,646,88.85332885244848,2031-05-31,E,False
4170,211,44.19078449789259,2031-06-01,D,True
4171,572,14.284590759192373,2031-06-02,A,False
4172,940,76.42515980693955,2031-06-03,B,False
4173,377,78.99745000167728,2031-06-04,C,False
4174,395,63.92954726654575,2031-06-05,B,True
4175,450,85.34655532025532,2031-06-06,A,True
4176,943,73.73729720306713,2031-06-07,C,False
4177,364,88.22057372269906,2031-06-08,C,True
4178,876,43.38880484854795,2031-06-09,D,False
4179,457,74.75971280994425,2031-06-10,E,False
4180,725,99.97515634290444,2031-06-11,D,False
4181,728,72.49311975196193,2031-06-12,C,False
4182,226,11.418378023713217,2031-06-13,C,False
4183,982,51.831872242918294,2031-06-14,E,False
4184,131,58.7347791243028,2031-06-15,B,True
4185,588,17.4210675071391,2031-06-16,E,True
4186,476,96.28916341780376,2031-06-17,D,False
4187,798,17.55797776346163,2031-06-18,B,False
4188,986,17.755791971322278,2031-06-19,D,True
4189,277,91.5167137974555,2031-06-20,E,True
4190,156,46.520543312167106,2031-06-21,B,True
4191,760,6.31882792745162,2031-06-22,E,True
4192,218,,2031-06-23,A,True
4193,190,,2031-06-24,N,True
4194,417,6.45007586865618,2031-06-25,B,False
4195,981,97.2522495633662,2031-06-26,C,True
4196,675,54.40299652945756,2031-06-27,A,True
4197,692,55.979572217976425,2031-06-28,B,False
4198,546,52.01154145023945,2031-06-29,C,True
4199,41,61.073177964462,2031-06-30,C,True
4200,307,26.429975277375494,2031-07-01,B,True
4201,943,28.72413479748408,2031-07-02,C,False
4202,338,51.133908979613274,2031-07-03,C,True
4203,314,80.66858547635796,2031-07-04,B,False
4204,75,4.986457649417886,2031-07-05,C,True
4205,953,60.340421222024595,2031-07-06,C,False
4206,279,80.6778142506314,2031-07-07,D,True
4207,176,15.691727203722717,2031-07-08,D,True
4208,896,1.5022541980566295,2031-07-09,A,True
4209,662,,2031-07-10,D,False
4210,273,58.81437067295982,2031-07-11,D,True
4211,837,13.828317340474772,2031-07-12,A,True
4212,620,42.61223709724855,2031-07-13,C,False
4213,651,55.2321497374278,2031-07-14,C,False
4214,862,59.88830947573172,2031-07-15,D,False
4215,783,27.441172100037512,2031-07-16,A,True
4216,859,40.00296359862914,2031-07-17,C,False
4217,931,77.83392290675587,2031-07-18,E,True
4218,289,94.12146941206855,2031-07-19,B,False
4219,724,86.18803311182572,2031-07-20,N,False
4220,893,56.42835017334319,2031-07-21,B,True
4221,272,41.02928029439465,2031-07-22,D,True
4222,930,33.295661437141824,2031-07-23,B,True
4223,66,12.495656608401806,2031-07-24,B,True
4224,483,10.655124721611298,2031-07-25,E,False
4225,936,68.83576249136577,2031-07-26,C,False
4226,248,25.979441617116038,2031-07-27,E,False
4227,156,25.46616864324468,2031-07-28,D,True
4228,47,99.81950544777857,2031-07-29,B,True
4229,935,18.79259578737954,2031-07-30,C,False
4230,454,14.805975948882965,2031-07-31,B,False
4231,201,9.868522775992062,2031-08-01,B,True
4232,660,57.98053451667962,2031-08-02,D,False
4233,124,62.786382600210146,2031-08-03,N,False
4234,1,36.5227926256882,2031-08-04,A,False
4235,968,53.54133355114678,2031-08-05,C,True
4236,759,78.83995309449125,2031-08-06,C,False
4237,855,81.81041683217484,2031-08-07,A,True
4238,640,95.79120757156483,2031-08-08,D,False
4239,191,82.42679859228745,2031-08-09,B,True
4240,579,56.48414367174266,2031-08-10,N,False
4241,516,17.965696583684597,2031-08-11,C,False
4242,442,9.97635577028424,2031-08-12,D,False
4243,921,5.45118899108592,2031-08-13,N,True
4244,815,66.65258317853838,2031-08-14,D,False
4245,806,80.75362553979932,2031-08-15,N,False
4246,143,50.8683950684079,2031-08-16,D,True
4247,191,5.471417483363994,2031-08-17,A,True
4248,533,53.54705745913382,2031-08-18,N,False
4249,227,93.57492615245503,2031-08-19,D,False
4250,313,59.761319093246044,2031-08-20,E,False
4251,629,80.94274884628149,2031-08-21,B,False
4252,949,80.01526483917506,2031-08-22,D,False
4253,302,93.21290997806528,2031-08-23,C,True
4254,654,77.02287656498733,2031-08-24,B,False
4255,996,74.77005140130896,2031-08-25,A,True
4256,460,23.410266497064057,2031-08-26,A,False
4257,401,5.992515532108145,2031-08-27,E,False
4258,551,,2031-08-28,E,True
4259,393,12.44342079467552,2031-08-29,C,False
4260,867,96.21958762779913,2031-08-30,N,True
4261,764,28.99247626330286,2031-08-31,A,True
4262,845,85.2944203384293,2031-09-01,D,False
4263,207,38.76246252024593,2031-09-02,A,False
4264,210,32.31942498573774,2031-09-03,A,True
4265,115,93.51585723766212,2031-09-04,C,False
4266,737,36.3322572086224,2031-09-05,E,False
4267,646,39.02879086631364,2031-09-06,C,True
4268,251,10.609177961290916,2031-09-07,C,True
4269,219,67.04466652825093,2031-09-08,C,True
4270,407,28.883941447751347,2031-09-09,A,False
4271,443,58.56041678395072,2031-09-10,D,False
4272,603,59.13517040532095,2031-09-11,A,False
4273,354,71.9199695595767,2031-09-12,B,True
4274,888,74.52414861724412,2031-09-13,C,False
4275,558,51.445243440153945,2031-09-14,C,True
4276,550,33.0991947603403,2031-09-15,B,True
4277,142,83.7450894834734,2031-09-16,C,True
4278,612,30.98656494084847,2031-09-17,C,True
4279,501,50.75090944693314,2031-09-18,C,True
4280,840,40.1252583203728,2031-09-19,B,True
4281,702,85.50783859696881,2031-09-20,A,True
4282,547,43.19185311458288,2031-09-21,C,False
4283,659,38.60991888374843,2031-09-22,D,True
4284,542,68.98236928976374,2031-09-23,B,False
4285,846,60.24411098614427,2031-09-24,E,False
4286,507,10.724683349584607,2031-09-25,B,False
4287,596,50.81688063439632,2031-09-26,A,False
4288,881,73.54783883332476,2031-09-27,B,False
4289,281,99.20747645913562,2031-09-28,E,True
4290,424,62.914683397031915,2031-09-29,D,False
4291,856,37.02930664413178,2031-09-30,E,False
4292,270,22.615159980211843,2031-10-01,B,False
4293,154,87.28302341533202,2031-10-02,E,True
4294,614,81.45652121135028,2031-10-03,B,False
4295,727,23.392282077938486,2031-10-04,D,False
4296,662,20.063209014657346,2031-10-05,D,False
4297,944,71.51367768111756,2031-10-06,A,False
4298,83,31.495206191875948,2031-10-07,D,True
4299,622,30.63987983619578,2031-10-08,N,False
4300,947,15.229024706765525,2031-10-09,E,True
4301,899,26.39755197098299,2031-10-10,E,True
4302,426,42.750755759264955,2031-10-11,B,False
4303,275,73.28383372724156,2031-10-12,D,False
4304,713,,2031-10-13,A,True
4305,284,32.86043394798427,2031-10-14,A,False
4306,980,28.49132525524358,2031-10-15,A,False
4307,173,47.8283667511043,2031-10-16,C,False
4308,327,18.06366979413153,2031-10-17,D,True
4309,718,48.563073403212556,2031-10-18,A,True
4310,63,70.41755561946898,2031-10-19,C,False
4311,73,2.979050403262218,2031-10-20,E,False
4312,763,0.9779380305761864,2031-10-21,B,True
4313,636,7.512291015450923,2031-10-22,D,True
4314,375,53.56600617281121,2031-10-23,D,True
4315,633,85.44550831854035,2031-10-24,E,True
4316,508,0.4884466020251943,2031-10-25,D,True
4317,787,93.6661304584681,2031-10-26,D,True
4318,943,10.62785115705358,2031-10-27,D,True
4319,398,84.19835280582262,2031-10-28,D,False
4320,120,48.28547649829468,2031-10-29,C,True
4321,934,65.9357387278844,2031-10-30,C,True
4322,437,51.06829844471824,2031-10-31,B,False
4323,829,47.70482251793546,2031-11-01,D,False
4324,676,83.48994283643914,2031-11-02,E,False
4325,936,75.58863795678164,2031-11-03,A,True
4326,465,48.340223652300416,2031-11-04,B,True
4327,286,11.16359293960616,2031-11-05,A,False
4328,265,11.540295931440813,2031-11-06,A,False
4329,320,80.15394607190754,2031-11-07,D,False
4330,673,52.93906213475334,2031-11-08,E,True
4331,376,48.15891402193626,2031-11-09,A,False
4332,820,68.05668413607151,2031-11-10,N,True
4333,89,85.88415834142603,2031-11-11,B,True
4334,654,62.887314441330524,2031-11-12,N,True
4335,203,76.2847902346479,2031-11-13,E,True
4336,821,76.52705241169569,2031-11-14,A,False
4337,739,,2031-11-15,E,False
4338,955,27.40831956409957,2031-11-16,B,False
4339,334,80.11640671751586,2031-11-17,B,True
4340,222,37.717879178424354,2031-11-18,B,False
4341,41,90.33360065227052,2031-11-19,D,True
4342,708,,2031-11-20,A,True
4343,68,5.821751207533965,2031-11-21,E,True
4344,988,92.70041601014083,2031-11-22,B,False
4345,776,64.84549141814348,2031-11-23,A,True
4346,514,,2031-11-24,A,True
4347,873,75.50604148161828,2031-11-25,D,False
4348,637,67.23268099936412,2031-11-26,E,False
4349,622,53.120104681959624,2031-11-27,E,False
4350,598,9.887334266265135,2031-11-28,B,True
4351,937,81.21795872927515,2031-11-29,B,True
4352,632,86.60231906806247,2031-11-30,A,False
4353,127,17.21686885526491,2031-12-01,E,True
4354,255,85.05116519770667,2031-12-02,E,True
4355,695,87.78473110165642,2031-12-03,B,False
4356,16,54.942861228851605,2031-12-04,C,False
4357,477,65.6179036222687,2031-12-05,A,False
4358,62,38.22373200144914,2031-12-06,E,False
4359,881,28.1791647509266,2031-12-07,D,False
4360,432,72.19831469516448,2031-12-08,D,False
4361,670,86.18751490158083,2031-12-09,N,False
4362,268,65.40775529557476,2031-12-10,B,False
4363,35,51.15906106465492,2031-12-11,B,True
4364,779,15.892476684417156,2031-12-12,B,True
4365,576,5.345871260481816,2031-12-13,D,True
4366,494,44.569179024674646,2031-12-14,B,True
4367,562,4.934956369742127,2031-12-15,D,True
4368,469,56.93346319072251,2031-12-16,C,True
4369,767,38.27291913177713,2031-12-17,A,True
4370,661,75.71891196819695,2031-12-18,E,True
4371,325,30.564849683618345,2031-12-19,C,True
4372,304,59.29827009674321,2031-12-20,D,True
4373,276,53.768352175510046,2031-12-21,C,False
4374,869,0.47124255222411593,2031-12-22,E,False
4375,963,7.238939826431034,2031-12-23,A,False
4376,684,29.036821248602052,2031-12-24,E,False
4377,929,88.22350810207651,2031-12-25,D,True
4378,201,14.701495489977855,2031-12-26,E,False
4379,445,71.08943304605417,2031-12-27,C,True
4380,905,97.33665661522873,2031-12-28,B,False
4381,324,79.05675526911551,2031-12-29,C,True
4382,35,24.294536168704393,2031-12-30,D,False
4383,977,90.83652604130816,2031-12-31,A,True
4384,482,9.310715650839008,2032-01-01,E,False
4385,728,46.814194187073575,2032-01-02,A,True
4386,480,88.75419077264138,2032-01-03,D,False
4387,65,64.12657092568698,2032-01-04,E,False
4388,8,41.36445647276988,2032-01-05,C,False
4389,301,29.281286673716878,2032-01-06,C,False
4390,343,37.50994053183499,2032-01-07,D,False
4391,431,50.89417810092862,2032-01-08,E,False
4392,424,31.904392987280737,2032-01-09,C,False
4393,332,96.89678620822997,2032-01-10,N,False
4394,438,93.30776530661451,2032-01-11,D,True
4395,588,87.06714682143208,2032-01-12,A,True
4396,174,42.18298355226534,2032-01-13,C,True
4397,559,69.13017693352289,2032-01-14,E,False
4398,527,90.28293070359646,2032-01-15,C,False
4399,873,85.0429487678928,2032-01-16,C,True
4400,659,41.43270140202077,2032-01-17,C,True
4401,26,11.238604932226071,2032-01-18,D,False
4402,820,7.563036383454946,2032-01-19,B,False
4403,605,57.70640452257027,2032-01-20,B,True
4404,406,64.26279352109316,2032-01-21,A,False
4405,232,84.98426045970241,2032-01-22,C,True
4406,533,29.251502034103105,2032-01-23,B,False
4407,819,16.747049055004247,2032-01-24,A,True
4408,550,37.900583317819944,2032-01-25,D,True
4409,788,35.35751236322751,2032-01-26,C,False
4410,505,13.246895401785475,2032-01-27,E,True
4411,669,67.22826525131521,2032-01-28,D,False
4412,179,50.869194072937596,2032-01-29,A,False
4413,132,72.11227561147663,2032-01-30,D,False
4414,823,35.269112016973466,2032-01-31,E,False
4415,455,32.57022115777023,2032-02-01,D,False
4416,348,47.257585304385564,2032-02-02,A,True
4417,540,87.7407345395147,2032-02-03,E,False
4418,772,,2032-02-04,E,False
4419,406,80.4832817296472,2032-02-05,D,True
4420,76,36.89876126577565,2032-02-06,E,False
4421,941,85.46190257884777,2032-02-07,D,True
4422,579,80.22030088358565,2032-02-08,C,False
4423,854,34.87612473960884,2032-02-09,E,True
4424,492,69.3876535321616,2032-02-10,D,False
4425,194,15.963275677344013,2032-02-11,N,False
4426,984,89.6281552163788,2032-02-12,E,False
4427,162,40.44910644519094,2032-02-13,C,False
4428,347,45.56256153552002,2032-02-14,E,False
4429,951,70.57590510369849,2032-02-15,A,True
4430,361,82.0840236704851,2032-02-16,A,True
4431,769,23.634274332820958,2032-02-17,D,False
4432,584,66.13501398769954,2032-02-18,B,False
4433,87,39.19980438891485,2032-02-19,A,False
4434,934,36.87029240039613,2032-02-20,B,False
4435,262,69.00258239406547,2032-02-21,C,False
4436,214,38.718327415593436,2032-02-22,C,True
4437,665,34.610850016440764,2032-02-23,B,False
4438,722,83.58884081262424,2032-02-24,D,True
4439,913,10.127612383100637,2032-02-25,E,False
4440,573,67.58926228302107,2032-02-26,B,False
4441,780,24.872539379062463,2032-02-27,B,True
4442,262,1.5498241826190307,2032-02-28,B,False
4443,730,16.6764268872692,2032-02-29,B,True
4444,283,60.666152977586776,2032-03-01,B,False
4445,648,,2032-03-02,D,False
4446,467,,2032-03-03,A,False
4447,380,3.642544330172015,2032-03-04,E,True
4448,362,90.25421148429531,2032-03-05,A,False
4449,449,7.330581811371983,2032-03-06,B,True
4450,441,89.41821586165713,2032-03-07,A,False
4451,93,22.816591375090578,2032-03-08,D,False
4452,621,74.00178001582128,2032-03-09,C,True
4453,753,30.973324894601205,2032-03-10,A,False
4454,867,85.87520256091838,2032-03-11,E,False
4455,424,70.04548654243578,2032-03-12,D,True
4456,142,40.181345860169515,2032-03-13,C,True
4457,291,,2032-03-14,D,True
4458,432,73.27001838708071,2032-03-15,B,False
4459,749,61.68847559651815,2032-03-16,C,True
4460,852,0.29117178337887406,2032-03-17,E,True
4461,824,0.9419855972445323,2032-03-18,C,False
4462,689,,2032-03-19,E,True
4463,653,25.939973880185384,2032-03-20,B,True
4464,701,63.613366772806565,2032-03-21,E,False
4465,998,45.42144197652475,2032-03-22,D,True
4466,49,86.34300145217672,2032-03-23,A,False
4467,302,91.69611131024887,2032-03-24,D,True
4468,881,99.6807712678854,2032-03-25,D,True
4469,190,15.368413580724683,2032-03-26,C,False
4470,136,86.29640464754755,2032-03-27,B,True
4471,555,26.602137672880176,2032-03-28,A,False
4472,404,59.08158748955077,2032-03-29,E,True
4473,892,50.57728338692109,2032-03-30,C,True
4474,865,1.7988131572387656,2032-03-31,B,False
4475,602,93.27712799060947,2032-04-01,A,False
4476,807,7.8327055149218445,2032-04-02,N,True
4477,341,68.82189194077358,2032-04-03,B,True
4478,757,78.50068362082621,2032-04-04,B,True
4479,945,79.52878490476843,2032-04-05,B,False
4480,704,13.549451892884479,2032-04-06,D,False
4481,318,44.75699505079721,2032-04-07,E,True
4482,618,82.94288704339799,2032-04-08,C,False
4483,363,30.267921037875468,2032-04-09,E,True
4484,822,46.774867537466356,2032-04-10,N,False
4485,382,27.279389269984577,2032-04-11,C,True
4486,233,46.355141788532414,2032-04-12,A,False
4487,777,88.783792259288,2032-04-13,D,False
4488,344,45.512423103276944,2032-04-14,E,True
4489,549,55.591201707432035,2032-04-15,B,False
4490,817,40.39762833030836,2032-04-16,C,False
4491,553,46.01171832033255,2032-04-17,B,True
4492,529,1.51741990464217,2032-04-18,A,True
4493,856,28.3745509960456,2032-04-19,B,True
4494,789,43.65817217418244,2032-04-20,B,True
4495,819,63.37969759927289,2032-04-21,D,True
4496,571,45.00519305538921,2032-04-22,D,True
4497,935,33.7817043321564,2032-04-23,E,True
4498,183,,2032-04-24,A,False
4499,41,24.22933292004665,2032-04-25,D,True
4500,551,92.44942827740529,2032-04-26,D,True
4501,397,52.17432257909146,2032-04-27,E,True
4502,704,1.3409453872123112,2032-04-28,C,True
4503,779,1.9446258419546614,2032-04-29,E,True
4504,494,97.29616349520415,2032-04-30,N,True
4505,659,22.145089137324504,2032-05-01,B,False
4506,907,80.56082888143146,2032-05-02,N,True
4507,333,5.827530156057447,2032-05-03,D,False
4508,127,92.11627366945491,2032-05-04,E,True
4509,558,87.44170036666785,2032-05-05,E,False
4510,557,57.10931624345147,2032-05-06,A,False
4511,1,0.8998657283255773,2032-05-07,B,False
4512,168,25.781087402333757,2032-05-08,E,True
4513,620,40.682264739846495,2032-05-09,C,True
4514,19,46.00641167475617,2032-05-10,A,True
4515,332,29.767875856237204,2032-05-11,E,True
4516,584,3.2947868245529977,2032-05-12,N,True
4517,456,59.01274059265421,2032-05-13,E,True
4518,957,52.41546676947559,2032-05-14,D,False
4519,109,28.300063542907772,2032-05-15,D,False
4520,268,3.797596756960653,2032-05-16,B,False
4521,445,99.45941872219402,2032-05-17,B,True
4522,240,48.19861868264059,2032-05-18,E,True
4523,929,75.60042417740772,2032-05-19,E,False
4524,301,45.23140350513355,2032-05-20,C,True
4525,602,4.317029086294144,2032-05-21,A,True
4526,103,30.960074508550008,2032-05-22,A,True
4527,988,32.01101410059012,2032-05-23,E,False
4528,250,83.8352904049016,2032-05-24,B,False
4529,453,65.42299779998744,2032-05-25,C,True
4530,520,27.542990363947283,2032-05-26,A,False
4531,153,96.7739954659086,2032-05-27,E,False
4532,859,32.15418323978714,2032-05-28,B,True
4533,174,99.82340258287203,2032-05-29,B,True
4534,343,99.61636931702633,2032-05-30,B,False
4535,670,19.12105177467418,2032-05-31,D,False
4536,431,31.274111618840017,2032-06-01,B,True
4537,727,48.60441984846542,2032-06-02,E,True
4538,689,66.4100671147891,2032-06-03,C,True
4539,687,52.80474490037993,2032-06-04,E,False
4540,852,96.94414691322568,2032-06-05,B,False
4541,850,72.39891642356915,2032-06-06,C,True
4542,658,21.20448493829744,2032-06-07,A,True
4543,962,10.509755021363832,2032-06-08,A,True
4544,324,68.84012907093567,2032-06-09,E,True
4545,990,15.845244018076299,2032-06-10,C,False
4546,673,78.76768403357542,2032-06-11,E,False
4547,639,,2032-06-12,C,True
4548,420,32.68932630556065,2032-06-13,C,False
4549,594,,2032-06-14,E,True
4550,485,70.10112670950407,2032-06-15,C,False
4551,659,11.32697530646858,2032-06-16,N,False
4552,751,77.28805774635181,2032-06-17,C,False
4553,412,49.18678219172068,2032-06-18,C,True
4554,936,78.4279814954569,2032-06-19,E,False
4555,84,58.392653919774126,2032-06-20,A,True
4556,113,8.243327201899076,2032-06-21,D,False
4557,737,76.56523367051831,2032-06-22,C,False
4558,332,6.979948489474975,2032-06-23,D,False
4559,378,47.87017205693323,2032-06-24,C,True
4560,755,17.23492141449633,2032-06-25,E,True
4561,655,75.2335177977885,2032-06-26,E,False
4562,41,91.15912278061266,2032-06-27,C,True
4563,935,55.41261633582742,2032-06-28,E,False
4564,770,52.71472942991805,2032-06-29,E,False
4565,959,76.3963196325618,2032-06-30,C,False
4566,797,0.5078812975727209,2032-07-01,A,False
4567,105,91.77586426351607,2032-07-02,C,True
4568,202,,2032-07-03,A,False
4569,450,98.41188838262373,2032-07-04,N,True
4570,819,73.62539479604622,2032-07-05,A,False
4571,843,77.42511477006711,2032-07-06,E,False
4572,973,65.62029803736066,2032-07-07,A,False
4573,266,47.16631827851603,2032-07-08,A,False
4574,910,57.16276933611655,2032-07-09,C,False
4575,210,4.640288601512566,2032-07-10,A,True
4576,563,62.39595094320143,2032-07-11,E,True
4577,118,62.60981019870467,2032-07-12,C,False
4578,713,89.12007974018094,2032-07-13,A,True
4579,377,50.56563574302194,2032-07-14,C,True
4580,551,7.7144374086061,2032-07-15,D,False
4581,540,30.619592048208123,2032-07-16,C,False
4582,771,,2032-07-17,D,False
4583,84,23.92588627514639,2032-07-18,D,False
4584,454,28.052782185540092,2032-07-19,C,True
4585,667,82.04690163608535,2032-07-20,E,True
4586,629,58.4319731762709,2032-07-21,E,True
4587,514,50.852743177357254,2032-07-22,E,True
4588,605,,2032-07-23,N,False
4589,678,73.09280359330333,2032-07-24,D,False
4590,387,28.771843449002933,2032-07-25,C,False
4591,912,73.70635176441752,2032-07-26,E,False
4592,350,7.010148026744201,2032-07-27,E,True
4593,296,86.45413415820836,2032-07-28,C,False
4594,258,49.95664633759328,2032-07-29,D,False
4595,81,43.850801669897,2032-07-30,C,True
4596,937,61.10234115419245,2032-07-31,B,False
4597,268,62.419207289627046,2032-08-01,B,False
4598,419,13.203517688999556,2032-08-02,C,True
4599,235,75.62335898162132,2032-08-03,D,False
4600,833,27.592829795006292,2032-08-04,E,True
4601,311,90.4961880169914,2032-08-05,B,True
4602,813,81.78506634148324,2032-08-06,B,False
4603,975,34.62660415347485,2032-08-07,D,False
4604,986,80.77392932007145,2032-08-08,B,False
4605,357,35.63904992999042,2032-08-09,B,True
4606,213,10.094768163604062,2032-08-10,D,False
4607,574,96.1888238725708,2032-08-11,C,True
4608,49,65.260201521544,2032-08-12,E,False
4609,127,45.60995266625917,2032-08-13,E,True
4610,223,39.77733515310396,2032-08-14,B,False
4611,921,32.470533425826396,2032-08-15,E,False
4612,279,98.14475954291294,2032-08-16,C,True
4613,408,13.47472651309074,2032-08-17,B,True
4614,505,31.480505892056833,2032-08-18,E,False
4615,294,48.54976402826635,2032-08-19,A,True
4616,796,47.79995450543114,2032-08-20,A,False
4617,277,47.13664844078435,2032-08-21,A,True
4618,438,17.578381583038183,2032-08-22,A,True
4619,107,,2032-08-23,A,False
4620,658,25.47675863286201,2032-08-24,B,False
4621,420,,2032-08-25,D,True
4622,611,11.305296783451013,2032-08-26,D,True
4623,429,75.74251033733248,2032-08-27,B,True
4624,375,75.75483931333713,2032-08-28,B,True
4625,73,80.97704038972623,2032-08-29,C,False
4626,949,88.66154889893555,2032-08-30,D,False
4627,998,26.30361775389303,2032-08-31,A,True
4628,634,22.455946926889638,2032-09-01,B,False
4629,30,46.550566652747975,2032-09-02,A,True
4630,188,26.508916875203614,2032-09-03,D,False
4631,364,,2032-09-04,E,True
4632,866,63.59395767414336,2032-09-05,E,False
4633,800,87.49876880526514,2032-09-06,N,True
4634,451,8.273830348707156,2032-09-07,C,False
4635,195,91.50833333580748,2032-09-08,A,False
4636,156,29.334862667008956,2032-09-09,B,True
4637,172,49.0694345926984,2032-09-10,C,False
4638,847,43.86114359396437,2032-09-11,A,True
4639,41,76.03116511044239,2032-09-12,D,True
4640,63,42.033330943184254,2032-09-13,E,False
4641,23,94.35531456494094,2032-09-14,C,True
4642,360,90.25338826385754,2032-09-15,A,False
4643,75,87.21611519695065,2032-09-16,N,False
4644,560,7.12583326482279,2032-09-17,A,False
4645,672,85.42580615539394,2032-09-18,B,True
4646,825,78.16354454432106,2032-09-19,E,False
4647,118,10.351294700613101,2032-09-20,E,True
4648,612,10.741432543622187,2032-09-21,A,True
4649,380,10.116381151754117,2032-09-22,A,False
4650,929,1.133259320448754,2032-09-23,B,False
4651,920,54.863430519458355,2032-09-24,B,True
4652,679,97.33942914360433,2032-09-25,C,False
4653,290,,2032-09-26,C,False
4654,440,54.07575018873564,2032-09-27,C,False
4655,668,96.79697967699555,2032-09-28,A,True
4656,933,25.51822287742307,2032-09-29,C,False
4657,7,85.8470252598263,2032-09-30,A,True
4658,196,54.639046721173614,2032-10-01,E,True
4659,421,56.947651466301075,2032-10-02,N,False
4660,568,34.31738572072835,2032-10-03,E,False
4661,833,56.158436096690814,2032-10-04,A,True
4662,193,7.314250947828393,2032-10-05,A,True
4663,559,76.46435726141122,2032-10-06,D,False
4664,148,28.468776154427168,2032-10-07,B,True
4665,787,88.76083294939549,2032-10-08,B,False
4666,669,36.785069460745845,2032-10-09,B,True
4667,202,14.28241104868826,2032-10-10,C,False
4668,444,69.58815743684849,2032-10-11,B,True
4669,914,16.457814471350286,2032-10-12,C,False
4670,988,75.36805155429904,2032-10-13,C,False
4671,419,96.81122364061166,2032-10-14,B,True
4672,427,77.95528687952617,2032-10-15,B,False
4673,479,,2032-10-16,D,True
4674,475,59.98857880527747,2032-10-17,D,True
4675,126,69.54106709697243,2032-10-18,C,True
4676,395,82.54583257962852,2032-10-19,D,True
4677,817,5.600230893900015,2032-10-20,C,False
4678,881,48.010782795228636,2032-10-21,A,False
4679,806,53.53708726383943,2032-10-22,C,True
4680,576,16.912486264417804,2032-10-23,C,True
4681,325,32.24498097106496,2032-10-24,D,False
4682,392,44.02217262561652,2032-10-25,A,True
4683,930,83.32096879578015,2032-10-26,E,False
4684,688,92.94075660702069,2032-10-27,E,False
4685,628,62.84228289176729,2032-10-28,E,True
4686,440,39.494518602146215,2032-10-29,A,False
4687,204,25.403101779898595,2032-10-30,B,True
4688,486,98.21351844361504,2032-10-31,A,False
4689,833,98.30199980763584,2032-11-01,D,False
4690,31,92.49769482350348,2032-11-02,C,True
4691,388,78.56691498778193,2032-11-03,C,False
4692,625,32.57795437456183,2032-11-04,D,True
4693,877,81.70004834976307,2032-11-05,D,False
4694,434,,2032-11-06,C,True
4695,837,32.677309815504515,2032-11-07,B,True
4696,926,74.48653584662796,2032-11-08,B,True
4697,376,7.965392762042289,2032-11-09,B,True
4698,344,4.856272329566169,2032-11-10,D,False
4699,443,44.79536971811856,2032-11-11,C,True
4700,579,44.56388008221619,2032-11-12,N,True
4701,75,89.5644153063835,2032-11-13,C,True
4702,557,12.615309628781679,2032-11-14,A,True
4703,772,12.32839274524128,2032-11-15,A,False
4704,666,14.745260047490117,2032-11-16,E,True
4705,155,2.9736261294602606,2032-11-17,A,False
4706,430,7.1731737814908385,2032-11-18,B,True
4707,363,65.9869866829039,2032-11-19,B,True
4708,448,43.15843291175092,2032-11-20,B,True
4709,987,76.36030670880136,2032-11-21,B,True
4710,234,99.25977185816602,2032-11-22,E,False
4711,563,65.90346810990013,2032-11-23,B,True
4712,818,5.0455570620123735,2032-11-24,D,False
4713,262,10.456286475434151,2032-11-25,D,False
4714,827,88.10040848147078,2032-11-26,D,True
4715,125,52.749594455826156,2032-11-27,A,True
4716,911,82.483715939574,2032-11-28,C,True
4717,245,85.6612336224926,2032-11-29,E,False
4718,542,92.76745414995192,2032-11-30,D,True
4719,938,94.98292054863657,2032-12-01,N,False
4720,485,55.48257965033062,2032-12-02,B,False
4721,122,34.10201722560339,2032-12-03,D,False
4722,125,96.18648743479986,2032-12-04,B,False
4723,549,54.740640600122525,2032-12-05,B,False
4724,170,6.425272295461104,2032-12-06,C,True
4725,124,64.2776550059865,2032-12-07,A,False
4726,869,58.76847503950108,2032-12-08,B,False
4727,35,89.5792872894706,2032-12-09,B,True
4728,87,65.31871891578125,2032-12-10,C,True
4729,646,34.905242446155135,2032-12-11,B,False
4730,708,96.62257257058204,2032-12-12,E,True
4731,786,80.16194859820335,2032-12-13,A,True
4732,201,,2032-12-14,E,True
4733,369,29.29252034031229,2032-12-15,D,False
4734,797,37.354029631429555,2032-12-16,A,False
4735,77,66.99699240966567,2032-12-17,D,True
4736,59,7.198081846332172,2032-12-18,N,True
4737,431,25.668059165026346,2032-12-19,C,False
4738,638,71.3900933396598,2032-12-20,E,False
4739,500,48.00185098446209,2032-12-21,D,True
4740,913,40.23935648144301,2032-12-22,B,False
4741,109,15.14576224004145,2032-12-23,E,False
4742,736,44.18490344777326,2032-12-24,E,True
4743,278,77.06919707602339,2032-12-25,D,True
4744,68,26.4012846071893,2032-12-26,B,False
4745,69,0.5398542183677413,2032-12-27,C,False
4746,165,66.85049011509828,2032-12-28,D,False
4747,489,97.26266044325526,2032-12-29,E,True
4748,305,,2032-12-30,E,True
4749,909,11.992185892713014,2032-12-31,A,True
4750,674,32.07330923446731,2033-01-01,B,True
4751,365,86.76416147202234,2033-01-02,A,False
4752,854,23.256807425682858,2033-01-03,C,True
4753,821,60.769590349760804,2033-01-04,D,True
4754,379,40.267120825399786,2033-01-05,E,False
4755,343,20.7843721419649,2033-01-06,B,True
4756,947,,2033-01-07,E,False
4757,899,74.28312764656903,2033-01-08,A,True
4758,554,66.15910659592654,2033-01-09,A,False
4759,354,23.63365902687512,2033-01-10,D,False
4760,416,9.785700271645004,2033-01-11,B,False
4761,109,57.61593298259662,2033-01-12,B,True
4762,563,55.36778335394333,2033-01-13,D,False
4763,762,18.8385009334873,2033-01-14,A,False
4764,497,5.6246694315172485,2033-01-15,A,True
4765,341,8.070845419398598,2033-01-16,A,True
4766,942,99.27709865127338,2033-01-17,E,True
4767,383,78.35838947428837,2033-01-18,C,True
4768,533,92.19874759651726,2033-01-19,A,True
4769,300,19.505472223636332,2033-01-20,C,False
4770,139,96.0568536323435,2033-01-21,C,False
4771,359,14.265435147316207,2033-01-22,B,True
4772,836,50.90818285664711,2033-01-23,D,True
4773,499,82.9695684417064,2033-01-24,E,True
4774,385,34.98033545115794,2033-01-25,C,True
4775,604,42.48285331769005,2033-01-26,E,False
4776,959,12.818511029909786,2033-01-27,B,False
4777,280,12.292187999897275,2033-01-28,A,False
4778,637,61.956822477865956,2033-01-29,C,True
4779,483,67.55323686200568,2033-01-30,D,True
4780,909,77.73325140821933,2033-01-31,B,False
4781,111,55.668205268175356,2033-02-01,E,True
4782,866,64.5759292261306,2033-02-02,A,True
4783,139,1.3517271699720057,2033-02-03,E,True
4784,996,16.217072713718807,2033-02-04,D,False
4785,435,98.49147660169047,2033-02-05,C,False
4786,509,7.59935063158318,2033-02-06,D,True
4787,273,67.8788222260245,2033-02-07,E,False
4788,99,17.608263303171622,2033-02-08,E,False
4789,764,71.6718585767642,2033-02-09,D,True
4790,850,70.59904029619935,2033-02-10,D,False
4791,104,,2033-02-11,D,False
4792,214,26.96343992192042,2033-02-12,A,False
4793,761,65.47707136020883,2033-02-13,E,False
4794,664,39.00860387802136,2033-02-14,B,False
4795,762,19.45479696999113,2033-02-15,A,False
4796,787,73.16795987874818,2033-02-16,A,True
4797,165,15.414752433633417,2033-02-17,A,True
4798,999,85.56436641449466,2033-02-18,B,True
4799,853,51.46695240518275,2033-02-19,D,False
4800,520,10.57006038793007,2033-02-20,E,True
4801,284,69.40723335309843,2033-02-21,C,False
4802,517,51.91630395745405,2033-02-22,C,False
4803,657,29.805757179480953,2033-02-23,E,True
4804,613,42.25393802238548,2033-02-24,B,False
4805,164,29.833774358749878,2033-02-25,C,True
4806,886,26.302583574278405,2033-02-26,A,False
4807,659,16.360842084371217,2033-02-27,C,True
4808,64,36.276713313747585,2033-02-28,N,False
4809,91,25.098720631607073,2033-03-01,A,True
4810,117,68.34344870539171,2033-03-02,C,True
4811,866,68.38767411633063,2033-03-03,E,False
4812,267,50.18402425556384,2033-03-04,B,True
4813,822,77.79445274703211,2033-03-05,E,False
4814,685,84.13397190060482,2033-03-06,B,True
4815,559,57.97664574342731,2033-03-07,A,True
4816,140,61.89351627634338,2033-03-08,N,True
4817,246,28.28859097863652,2033-03-09,D,False
4818,661,89.48692007055197,2033-03-10,D,True
4819,758,2.4206044422529827,2033-03-11,D,True
4820,395,34.86024694428457,2033-03-12,D,False
4821,487,72.1800421549856,2033-03-13,D,True
4822,476,8.008950967116125,2033-03-14,B,False
4823,517,18.316952742829262,2033-03-15,E,True
4824,977,58.928572786285116,2033-03-16,A,True
4825,184,55.999367146355794,2033-03-17,D,True
4826,20,73.8928296130955,2033-03-18,D,False
4827,937,81.26126390881718,2033-03-19,A,True
4828,558,12.857957851166912,2033-03-20,A,True
4829,524,1.8380989775242051,2033-03-21,D,True
4830,582,68.96385196589061,2033-03-22,B,False
4831,529,30.13917957663592,2033-03-23,A,False
4832,883,62.59839139179536,2033-03-24,E,False
4833,147,15.05445880622247,2033-03-25,E,False
4834,666,46.904004666596286,2033-03-26,B,False
4835,304,50.44247460634369,2033-03-27,C,False
4836,620,58.50778163732161,2033-03-28,B,True
4837,748,51.317001633056435,2033-03-29,D,True
4838,820,49.56907702287139,2033-03-30,C,True
4839,864,,2033-03-31,D,True
4840,582,7.118023631808623,2033-04-01,E,True
4841,695,8.95201967968423,2033-04-02,A,False
4842,762,43.377827440715365,2033-04-03,D,False
4843,228,35.5793127820993,2033-04-04,E,False
4844,102,51.613480467449776,2033-04-05,B,True
4845,587,30.483816925626694,2033-04-06,D,False
4846,417,68.79100914553243,2033-04-07,E,True
4847,958,86.39548220095105,2033-04-08,A,False
4848,216,29.88631887868677,2033-04-09,N,True
4849,407,19.298400793902857,2033-04-10,E,False
4850,399,11.618057425408912,2033-04-11,D,True
4851,923,,2033-04-12,A,False
4852,715,44.38559911405694,2033-04-13,D,True
4853,704,18.801571719628896,2033-04-14,D,False
4854,761,65.31367332918553,2033-04-15,E,True
4855,499,14.84831830052844,2033-04-16,C,True
4856,754,55.43007058479525,2033-04-17,D,True
4857,465,52.71483816252647,2033-04-18,C,True
4858,691,73.42278011860833,2033-04-19,B,False
4859,949,5.5109639940666755,2033-04-20,D,False
4860,974,88.78729318513304,2033-04-21,C,False
4861,731,70.29917261468195,2033-04-22,B,True
4862,82,21.61259983487622,2033-04-23,E,False
4863,604,18.340534860973968,2033-04-24,D,True
4864,947,43.16602141437834,2033-04-25,E,False
4865,687,81.75653295445969,2033-04-26,B,True
4866,751,84.29499931391071,2033-04-27,N,False
4867,772,52.045609213938306,2033-04-28,E,True
4868,903,,2033-04-29,A,True
4869,365,0.5443709191690571,2033-04-30,B,False
4870,163,3.517463153159661,2033-05-01,E,False
4871,48,91.18215936367427,2033-05-02,C,False
4872,511,77.53319298859161,2033-05-03,B,True
4873,329,45.07060582503857,2033-05-04,A,True
4874,840,75.36101314779872,2033-05-05,D,True
4875,116,95.56394617234216,2033-05-06,E,False
4876,941,,2033-05-07,C,True
4877,849,84.2371333818322,2033-05-08,A,False
4878,337,76.06065813900618,2033-05-09,B,True
4879,881,16.821109243354158,2033-05-10,E,False
4880,737,83.35741096457367,2033-05-11,A,True
4881,864,19.510882002421003,2033-05-12,A,True
4882,840,89.2611328044147,2033-05-13,N,False
4883,147,45.864989808107595,2033-05-14,D,False
4884,575,67.69767523110285,2033-05-15,D,True
4885,806,49.724084788064346,2033-05-16,D,False
4886,323,9.399092941660204,2033-05-17,B,True
4887,443,29.07223076206651,2033-05-18,A,False
4888,837,98.3731853997006,2033-05-19,B,False
4889,13,96.07147516698174,2033-05-20,A,True
4890,943,32.04868976555473,2033-05-21,C,True
4891,494,99.62968042452258,2033-05-22,C,True
4892,701,84.55511954968996,2033-05-23,N,False
4893,287,61.09594994322547,2033-05-24,B,True
4894,720,4.012462026100949,2033-05-25,C,False
4895,114,90.14468295383796,2033-05-26,E,True
4896,480,55.742927926431975,2033-05-27,N,True
4897,22,86.84761512027696,2033-05-28,N,False
4898,349,83.44291199057423,2033-05-29,N,True
4899,726,83.3006215201086,2033-05-30,D,True
4900,683,69.8173860714905,2033-05-31,E,True
4901,835,29.141513867604864,2033-06-01,E,True
4902,566,33.616025774451984,2033-06-02,A,True
4903,906,30.846921258268633,2033-06-03,B,False
4904,810,2.0045999532564696,2033-06-04,D,True
4905,320,58.256890921481116,2033-06-05,E,False
4906,126,69.88336704460329,2033-06-06,B,True
4907,277,85.38659935252035,2033-06-07,B,True
4908,976,14.016543338273035,2033-06-08,A,False
4909,204,54.418314897680176,2033-06-09,B,True
4910,194,0.800814067378286,2033-06-10,B,True
4911,681,9.509364771072947,2033-06-11,C,False
4912,664,5.421174420599306,2033-06-12,A,False
4913,547,72.54780340154869,2033-06-13,A,True
4914,696,8.105956387760315,2033-06-14,D,False
4915,286,71.645298155879,2033-06-15,B,False
4916,57,24.962470441058336,2033-06-16,D,False
4917,734,87.77129606969395,2033-06-17,N,False
4918,303,81.31499883638142,2033-06-18,B,True
4919,163,95.78302174752766,2033-06-19,E,True
4920,19,88.37620154580318,2033-06-20,C,False
4921,370,93.33294191163472,2033-06-21,B,True
4922,264,85.87423965133077,2033-06-22,N,False
4923,794,69.33819006148553,2033-06-23,D,True
4924,113,17.025915212543595,2033-06-24,B,True
4925,488,27.170751885409295,2033-06-25,D,False
4926,327,21.272696613027307,2033-06-26,B,False
4927,542,60.35857876582056,2033-06-27,A,False
4928,647,50.361993797360135,2033-06-28,D,True
4929,579,86.70799971584236,2033-06-29,N,True
4930,65,95.26728664990756,2033-06-30,B,False
4931,292,40.485988961814435,2033-07-01,D,True
4932,25,50.635055328081236,2033-07-02,A,False
4933,549,97.15163568041392,2033-07-03,D,False
4934,1,27.623894162314354,2033-07-04,B,False
4935,911,79.23907753588136,2033-07-05,N,True
4936,549,22.52399023352463,2033-07-06,E,False
4937,141,68.14601154252719,2033-07-07,C,True
4938,744,25.361562763856416,2033-07-08,D,False
4939,648,88.37333888313869,2033-07-09,N,True
4940,901,56.14779437366768,2033-07-10,A,True
4941,188,18.59336408743846,2033-07-11,A,False
4942,128,22.436917569848603,2033-07-12,E,False
4943,201,49.38491957081003,2033-07-13,D,True
4944,127,96.16020255748788,2033-07-14,A,True
4945,257,76.96421638836544,2033-07-15,E,False
4946,676,48.83096428258451,2033-07-16,B,False
4947,547,33.77191445622171,2033-07-17,E,True
4948,194,54.92684933484426,2033-07-18,D,True
4949,703,74.83608334286197,2033-07-19,E,False
4950,104,78.39285884528,2033-07-20,A,True
4951,535,32.46087980969447,2033-07-21,A,False
4952,265,72.11592682138772,2033-07-22,C,False
4953,802,65.77887800361862,2033-07-23,E,False
4954,942,95.91122919962939,2033-07-24,B,False
4955,974,93.10902905080148,2033-07-25,D,True
4956,384,78.93793256035771,2033-07-26,C,False
4957,260,72.33946888549283,2033-07-27,E,False
4958,414,27.404158970427584,2033-07-28,B,True
4959,991,84.59652560985333,2033-07-29,C,True
4960,358,42.750570371336615,2033-07-30,A,False
4961,75,27.224054250604468,2033-07-31,D,False
4962,355,38.41607579534625,2033-08-01,E,False
4963,584,83.59354900165079,2033-08-02,B,False
4964,771,14.8633215577885,2033-08-03,A,False
4965,910,45.615874111982244,2033-08-04,C,False
4966,188,49.23575945294897,2033-08-05,D,False
4967,973,3.66296975988194,2033-08-06,C,True
4968,685,19.574602954816534,2033-08-07,C,False
4969,992,82.67424285758564,2033-08-08,B,False
4970,290,83.07673885947607,2033-08-09,A,True
4971,45,29.241508388424798,2033-08-10,E,False
4972,573,87.48972345979263,2033-08-11,B,True
4973,83,77.17829390683478,2033-08-12,D,True
4974,123,41.79074837954094,2033-08-13,C,False
4975,358,74.84063444050378,2033-08-14,D,False
4976,528,,2033-08-15,B,False
4977,66,45.89697180653488,2033-08-16,B,True
4978,936,23.842717895348365,2033-08-17,E,False
4979,657,,2033-08-18,C,True
4980,375,60.37442885632564,2033-08-19,B,False
4981,162,10.526516248042528,2033-08-20,D,False
4982,746,57.268281585668944,2033-08-21,E,False
4983,380,50.05808894482987,2033-08-22,D,False
4984,656,85.55888940755634,2033-08-23,C,True
4985,358,53.069518976352136,2033-08-24,N,True
4986,188,,2033-08-25,E,False
4987,322,67.56440638648886,2033-08-26,E,True
4988,450,54.257545253558014,2033-08-27,A,False
4989,474,23.304462826687246,2033-08-28,E,False
4990,13,57.36278579429078,2033-08-29,D,True
4991,184,82.15355778896861,2033-08-30,D,True
4992,111,2.8570917724010436,2033-08-31,C,False
4993,927,63.08510386451117,2033-09-01,B,False
4994,508,34.95851957843921,2033-09-02,B,False
4995,290,29.267144575942417,2033-09-03,A,True
4996,295,39.258775036111125,2033-09-04,E,False
4997,451,34.20226642479817,2033-09-05,A,False
4998,904,83.22391067084416,2033-09-06,C,False
4999,215,27.479781076790054,2033-09-07,C,False
5000,974,73.31530231065854,2033-09-08,B,False
